,Rk,Player,Nation,Pos,Squad,Age,Born,MP,Starts,Min,Gls,Ast,PK,PKatt,CrdY,CrdR,Gls.1,Ast.1,G+A,G-PK,G+A-PK,xG,npxG,xA,xG.1,xA.1,xG+xA,npxG.1,npxG+xA,Matches
0,1,Brenden Aaronson,us USA,"MF,FW",Philadelphia,18,2000,28,25,1706,3,1,0,0,3,0,0.16,0.05,0.21,0.16,0.21,3.9,3.9,2.1,0.20,0.11,0.32,0.20,0.32,Matches
1,2,Saad Abdul-Salaam,us USA,DF,Seattle,27,1991,18,11,1067,0,0,0,0,2,0,0.00,0.00,0.00,0.00,0.00,0.1,0.1,0.8,0.01,0.07,0.08,0.01,0.08,Matches
2,3,Lalas Abubakar,gh GHA,DF,Colorado,24,1994,22,22,1980,0,0,0,0,7,0,0.00,0.00,0.00,0.00,0.00,1.3,1.3,0.1,0.06,0.00,0.06,0.06,0.06,Matches
3,4,Lalas Abubakar,gh GHA,DF,Columbus,24,1994,1,1,90,0,0,0,0,0,0,0.00,0.00,0.00,0.00,0.00,0.2,0.2,0.0,0.19,0.00,0.19,0.19,0.19,Matches
4,5,David Accam,gh GHA,FW,Philadelphia,28,1990,8,4,338,4,2,0,0,0,0,1.07,0.53,1.60,1.07,1.60,2.1,2.1,0.2,0.56,0.05,0.62,0.56,0.62,Matches
5,6,David Accam,gh GHA,"FW,MF",Columbus,28,1990,15,8,667,2,1,0,0,1,0,0.27,0.13,0.40,0.27,0.40,1.2,1.2,1.0,0.16,0.13,0.30,0.16,0.30,Matches
6,7,Bryan Acosta,hn HON,MF,FC Dallas,25,1993,26,23,2073,2,1,0,0,12,0,0.09,0.04,0.13,0.09,0.13,2.0,2.0,2.2,0.09,0.09,0.18,0.09,0.18,Matches
7,8,Danilo Acosta,us USA,DF,Orlando City,21,1997,8,8,667,0,0,0,0,1,0,0.00,0.00,0.00,0.00,0.00,0.1,0.1,0.3,0.01,0.04,0.05,0.01,0.05,Matches
8,9,Kellyn Acosta,us USA,MF,Colorado,23,1995,31,30,2615,2,1,0,0,10,1,0.07,0.03,0.10,0.07,0.10,1.5,1.5,2.3,0.05,0.08,0.13,0.05,0.13,Matches
9,10,Luciano Acosta,ar ARG,"MF,FW",D.C. United,24,1994,31,22,2122,6,1,0,0,0,1,0.25,0.04,0.30,0.25,0.30,4.3,4.3,2.8,0.18,0.12,0.30,0.18,0.30,Matches
10,11,Mo Adams,eng ENG,"DF,MF",Atlanta,22,1996,4,1,93,1,0,0,0,1,0,0.97,0.00,0.97,0.97,0.97,0.1,0.1,0.1,0.13,0.12,0.25,0.13,0.25,Matches
11,12,Mo Adams,eng ENG,MF,Chicago,22,1996,10,5,487,0,0,0,0,4,0,0.00,0.00,0.00,0.00,0.00,0.0,0.0,0.4,0.01,0.08,0.08,0.01,0.08,Matches
12,13,Fanendo Adi,ng NGA,FW,FC Cincinnati,28,1990,12,7,700,1,0,0,0,1,0,0.13,0.00,0.13,0.13,0.13,3.0,3.0,0.1,0.38,0.01,0.39,0.38,0.39,Matches
13,14,Ali Adnan Kadhim,iq IRQ,DF,Vancouver,25,1993,28,28,2410,1,3,0,1,6,0,0.04,0.11,0.15,0.04,0.15,2.4,1.7,1.9,0.09,0.07,0.16,0.06,0.14,Matches
14,15,François Affolter,ch SUI,DF,San Jose,27,1991,1,1,90,0,0,0,0,0,0,0.00,0.00,0.00,0.00,0.00,0.0,0.0,0.0,0.00,0.00,0.00,0.00,0.00,Matches
15,16,Harrison Afful,gh GHA,DF,Columbus,32,1986,22,22,1903,0,2,0,0,3,1,0.00,0.09,0.09,0.00,0.09,0.7,0.7,1.5,0.03,0.07,0.11,0.03,0.11,Matches
16,17,Juan Agudelo,us USA,"MF,FW",New England,26,1992,28,21,1954,3,1,0,0,7,0,0.14,0.05,0.18,0.14,0.18,4.2,3.6,2.2,0.19,0.10,0.30,0.17,0.27,Matches
17,18,Tesho Akindele,ca CAN,FW,Orlando City,26,1992,28,22,1875,10,1,0,0,1,0,0.48,0.05,0.53,0.48,0.53,8.9,8.9,1.7,0.43,0.08,0.51,0.43,0.51,Matches
18,19,Ayo Akinola,us USA,"FW,MF",Toronto FC,19,2000,8,2,257,1,0,0,0,1,0,0.35,0.00,0.35,0.35,0.35,1.4,1.4,0.1,0.47,0.03,0.51,0.47,0.51,Matches
19,20,Fatai Alashe,us USA,"MF,DF",FC Cincinnati,25,1993,11,4,438,1,0,0,0,2,0,0.21,0.00,0.21,0.21,0.21,0.5,0.5,0.0,0.10,0.00,0.10,0.10,0.10,Matches
20,21,Nazmi Albadawi,ps PLE,MF,FC Cincinnati,27,1991,1,0,10,0,0,0,0,0,0,0.00,0.00,0.00,0.00,0.00,0.0,0.0,0.0,0.00,0.00,0.00,0.00,0.00,Matches
21,22,Romain Alessandrini,fr FRA,FW,LA Galaxy,29,1989,5,5,277,0,0,0,0,1,0,0.00,0.00,0.00,0.00,0.00,0.5,0.5,0.3,0.17,0.10,0.28,0.17,0.28,Matches
22,23,Eric Alexander,us USA,"MF,FW",FC Cincinnati,30,1988,6,4,313,0,1,0,0,0,0,0.00,0.29,0.29,0.00,0.29,0.0,0.0,0.3,0.00,0.08,0.08,0.00,0.08,Matches
23,24,Osvaldo Alonso,cu CUB,MF,Minnesota,33,1985,27,27,2365,2,0,0,0,4,0,0.08,0.00,0.08,0.08,0.08,0.5,0.5,0.8,0.02,0.03,0.05,0.02,0.05,Matches
24,25,Jozy Altidore,us USA,FW,Toronto FC,29,1989,22,18,1688,11,5,0,0,4,0,0.59,0.27,0.85,0.59,0.85,8.8,8.8,2.8,0.47,0.15,0.62,0.47,0.62,Matches
25,Rk,Player,Nation,Pos,Squad,Age,Born,MP,Starts,Min,Gls,Ast,PK,PKatt,CrdY,CrdR,Gls,Ast,G+A,G-PK,G+A-PK,xG,npxG,xA,xG,xA,xG+xA,npxG,npxG+xA,Matches
26,26,Efrain Alvarez,mx MEX,"MF,FW",LA Galaxy,16,2002,14,4,523,0,3,0,0,2,1,0.00,0.52,0.52,0.00,0.52,0.5,0.5,1.0,0.09,0.17,0.26,0.09,0.26,Matches
27,27,Fabio Álvarez,ar ARG,"MF,FW",LA Galaxy,26,1993,18,16,1260,3,4,0,0,5,0,0.21,0.29,0.50,0.21,0.50,2.6,2.6,2.1,0.18,0.15,0.34,0.18,0.34,Matches
28,28,Quincy Amarikwa,us USA,FW,D.C. United,31,1987,23,3,429,1,0,0,0,3,0,0.21,0.00,0.21,0.21,0.21,1.3,1.3,0.5,0.27,0.11,0.38,0.27,0.38,Matches
29,29,Frankie Amaya,us USA,MF,FC Cincinnati,18,2000,19,15,1238,0,0,0,0,2,0,0.00,0.00,0.00,0.00,0.00,0.7,0.7,1.5,0.05,0.11,0.15,0.05,0.15,Matches
30,30,Mikey Ambrose,us USA,DF,Atlanta,25,1993,4,3,266,0,0,0,0,2,0,0.00,0.00,0.00,0.00,0.00,0.0,0.0,0.1,0.00,0.03,0.03,0.00,0.03,Matches
31,31,Michael Amir Murillo,pa PAN,DF,NY Red Bulls,22,1996,22,18,1696,1,3,0,0,6,1,0.05,0.16,0.21,0.05,0.21,0.4,0.4,2.0,0.02,0.11,0.13,0.02,0.13,Matches
32,32,Sebastian Anderson,us USA,"DF,FW",Colorado,16,2002,6,5,314,1,0,0,0,1,1,0.29,0.00,0.29,0.29,0.29,0.0,0.0,0.1,0.01,0.04,0.04,0.01,0.04,Matches
33,33,Jalil Anibaba,us USA,DF,New England,30,1988,22,19,1764,1,0,0,0,4,1,0.05,0.00,0.05,0.05,0.05,0.4,0.4,0.2,0.02,0.01,0.03,0.02,0.03,Matches
34,34,Uriel Antuna,mx MEX,"FW,MF",LA Galaxy,21,1997,31,29,2413,6,5,0,0,1,0,0.22,0.19,0.41,0.22,0.41,8.8,8.8,4.3,0.33,0.16,0.49,0.33,0.49,Matches
35,35,Pablo Aránguiz,cl CHI,"MF,FW",FC Dallas,21,1997,11,7,561,0,0,0,0,0,0,0.00,0.00,0.00,0.00,0.00,1.1,1.1,0.3,0.18,0.05,0.23,0.18,0.23,Matches
36,36,Julian Araujo,us USA,"DF,FW",LA Galaxy,17,2001,18,10,895,0,1,0,0,3,0,0.00,0.10,0.10,0.00,0.10,0.5,0.5,0.5,0.06,0.05,0.11,0.06,0.11,Matches
37,37,Joaquín Ardaiz,uy URU,FW,Vancouver,20,1999,16,3,415,0,0,0,0,1,0,0.00,0.00,0.00,0.00,0.00,1.7,1.7,0.1,0.36,0.01,0.38,0.36,0.38,Matches
38,38,Luis Argudo,us USA,"FW,MF",Columbus,23,1995,21,10,1065,1,3,0,0,1,0,0.08,0.25,0.34,0.08,0.34,1.8,1.8,1.3,0.15,0.11,0.26,0.15,0.26,Matches
39,39,Xavier Arreaga,ec ECU,DF,Seattle,24,1994,14,12,1119,0,0,0,0,5,2,0.00,0.00,0.00,0.00,0.00,0.1,0.1,0.0,0.01,0.00,0.01,0.01,0.01,Matches
40,40,Luis Arriaga,us USA,"DF,MF",Real Salt Lake,18,2001,2,0,5,0,0,0,0,0,0,0.00,0.00,0.00,0.00,0.00,0.0,0.0,0.0,0.00,0.00,0.00,0.00,0.00,Matches
41,41,Paul Arriola,us USA,"FW,MF",D.C. United,23,1995,29,28,2425,6,2,0,0,6,1,0.22,0.07,0.30,0.22,0.30,5.9,5.9,3.4,0.22,0.13,0.34,0.22,0.34,Matches
42,42,Artur,br BRA,MF,Columbus,22,1996,30,28,2450,0,0,0,0,4,0,0.00,0.00,0.00,0.00,0.00,0.4,0.4,0.4,0.02,0.02,0.03,0.02,0.03,Matches
43,43,Carlos Ascues,pe PER,"MF,DF",Orlando City,26,1992,17,14,1111,1,1,0,0,2,0,0.08,0.08,0.16,0.08,0.16,1.3,1.3,0.9,0.11,0.07,0.18,0.11,0.18,Matches
44,44,Dairon Asprilla,co COL,"FW,MF",Portland,26,1992,13,7,564,2,0,1,1,1,1,0.32,0.00,0.32,0.16,0.16,3.3,2.6,0.5,0.53,0.08,0.61,0.41,0.49,Matches
45,45,Jeff Attinella,us USA,GK,Portland,30,1988,10,10,900,0,0,0,0,0,0,0.00,0.00,0.00,0.00,0.00,0.0,0.0,0.0,0.00,0.00,0.00,0.00,0.00,Matches
46,46,Francis Atuahene,gh GHA,FW,FC Dallas,22,1996,1,0,27,1,0,0,0,0,0,3.33,0.00,3.33,3.33,3.33,0.1,0.1,0.0,0.30,0.00,0.30,0.30,0.30,Matches
47,47,Eduard Atuesta,co COL,MF,Los Angeles FC,21,1997,30,30,2631,3,8,0,0,8,0,0.10,0.27,0.38,0.10,0.38,2.6,2.6,4.7,0.09,0.16,0.25,0.09,0.25,Matches
48,48,Auro,br BRA,DF,Toronto FC,23,1996,23,22,1883,0,3,0,0,0,0,0.00,0.14,0.14,0.00,0.14,0.2,0.2,3.0,0.01,0.15,0.16,0.01,0.16,Matches
49,49,Micheal Azira,ug UGA,MF,Chicago,31,1987,4,2,218,0,0,0,0,1,0,0.00,0.00,0.00,0.00,0.00,0.3,0.3,0.1,0.12,0.05,0.17,0.12,0.17,Matches
50,50,Micheal Azira,ug UGA,MF,Montreal,31,1987,19,16,1444,0,1,0,0,3,0,0.00,0.06,0.06,0.00,0.06,0.6,0.6,0.7,0.04,0.04,0.08,0.04,0.08,Matches
51,Rk,Player,Nation,Pos,Squad,Age,Born,MP,Starts,Min,Gls,Ast,PK,PKatt,CrdY,CrdR,Gls,Ast,G+A,G-PK,G+A-PK,xG,npxG,xA,xG,xA,xG+xA,npxG,npxG+xA,Matches
52,51,Dominique Badji,sn SEN,FW,FC Dallas,26,1992,28,24,2029,6,3,0,0,6,0,0.27,0.13,0.40,0.27,0.40,7.6,7.6,2.2,0.34,0.10,0.43,0.34,0.43,Matches
53,52,Theo Bair,ca CAN,"FW,MF",Vancouver,19,1999,17,10,822,2,2,0,0,1,0,0.22,0.22,0.44,0.22,0.44,1.8,1.8,0.7,0.20,0.07,0.27,0.20,0.27,Matches
54,53,Corey Baird,us USA,"FW,MF",Real Salt Lake,23,1996,31,23,2098,5,3,0,0,6,0,0.21,0.13,0.34,0.21,0.34,3.6,3.6,1.9,0.15,0.08,0.23,0.15,0.23,Matches
55,54,Lass Bangoura,gn GUI,FW,Vancouver,26,1992,17,7,634,1,1,0,0,1,0,0.14,0.14,0.28,0.14,0.28,0.3,0.3,0.8,0.04,0.11,0.15,0.04,0.15,Matches
56,55,Botond Baráth,hu HUN,DF,Sporting KC,26,1992,21,20,1748,1,0,0,0,6,0,0.05,0.00,0.05,0.05,0.05,1.1,1.1,0.4,0.06,0.02,0.08,0.06,0.08,Matches
57,56,Ezequiel Barco,ar ARG,"FW,MF",Atlanta,19,1999,15,11,975,4,2,0,0,1,0,0.37,0.18,0.55,0.37,0.55,3.2,3.2,2.5,0.30,0.23,0.53,0.30,0.53,Matches
58,57,Tom Barlow,us USA,FW,NY Red Bulls,23,1995,12,8,602,3,0,0,0,0,0,0.45,0.00,0.45,0.45,0.45,3.2,3.2,0.4,0.49,0.06,0.54,0.49,0.54,Matches
59,58,Michael Barrios,co COL,FW,FC Dallas,27,1991,32,31,2724,5,13,0,0,6,0,0.17,0.43,0.59,0.17,0.59,5.3,5.3,10.8,0.18,0.36,0.53,0.18,0.53,Matches
60,59,Cole Bassett,us USA,MF,Colorado,17,2001,20,14,1059,2,1,0,0,1,0,0.17,0.08,0.25,0.17,0.25,1.9,1.9,0.9,0.16,0.07,0.23,0.16,0.23,Matches
61,60,Clement Bayiha,ca CAN,"FW,MF",Montreal,19,1999,11,4,473,0,1,0,0,0,0,0.00,0.19,0.19,0.00,0.19,0.2,0.2,0.5,0.03,0.10,0.13,0.03,0.13,Matches
62,61,DaMarcus Beasley,us USA,DF,Houston,36,1982,12,12,1030,0,2,0,0,0,0,0.00,0.17,0.17,0.00,0.17,0.1,0.1,0.8,0.01,0.07,0.08,0.01,0.08,Matches
63,62,Kyle Beckerman,us USA,MF,Real Salt Lake,36,1982,25,24,2127,0,4,0,0,9,0,0.00,0.17,0.17,0.00,0.17,0.5,0.5,0.4,0.02,0.02,0.04,0.02,0.04,Matches
64,63,Alejandro Bedoya,us USA,MF,Philadelphia,31,1987,32,32,2833,4,3,0,0,6,0,0.13,0.10,0.22,0.13,0.22,2.1,2.1,3.1,0.07,0.10,0.17,0.07,0.17,Matches
65,64,Dan Bedoya,co COL,FW,NYCFC,24,1994,1,0,1,0,0,0,0,0,0,0.00,0.00,0.00,0.00,0.00,0.0,0.0,0.0,0.00,0.00,0.00,0.00,0.00,Matches
66,65,Steven Beitashour,ir IRN,DF,Los Angeles FC,31,1987,25,24,1875,1,2,0,0,3,0,0.05,0.10,0.14,0.05,0.14,1.1,1.1,1.6,0.05,0.08,0.13,0.05,0.13,Matches
67,66,Joe Bendik,us USA,GK,Columbus,29,1989,6,6,540,0,0,0,0,0,0,0.00,0.00,0.00,0.00,0.00,0.0,0.0,0.0,0.00,0.00,0.00,0.00,0.00,Matches
68,67,Nicolas Benezet,fr FRA,"FW,MF",Toronto FC,27,1991,8,5,438,2,0,0,0,2,0,0.41,0.00,0.41,0.41,0.41,2.2,2.2,0.2,0.45,0.04,0.50,0.45,0.50,Matches
69,68,Leonardo Bertone,ch SUI,MF,FC Cincinnati,24,1994,25,22,2056,1,1,0,0,9,0,0.04,0.04,0.09,0.04,0.09,0.9,0.9,1.5,0.04,0.07,0.11,0.04,0.11,Matches
70,69,Matt Besler,us USA,DF,Sporting KC,31,1987,27,25,2112,0,0,0,0,4,1,0.00,0.00,0.00,0.00,0.00,0.1,0.1,0.4,0.00,0.02,0.02,0.00,0.02,Matches
71,70,Nick Besler,us USA,MF,Real Salt Lake,25,1993,17,7,734,1,1,0,0,4,0,0.12,0.12,0.25,0.12,0.25,0.9,0.9,0.7,0.11,0.08,0.19,0.11,0.19,Matches
72,71,Vincent Bezecourt,fr FRA,MF,NY Red Bulls,25,1993,8,7,449,0,0,0,0,0,0,0.00,0.00,0.00,0.00,0.00,0.3,0.3,0.3,0.06,0.07,0.13,0.06,0.13,Matches
73,72,David Bingham,us USA,GK,LA Galaxy,29,1989,33,33,2970,0,0,0,0,1,0,0.00,0.00,0.00,0.00,0.00,0.0,0.0,0.1,0.00,0.00,0.00,0.00,0.00,Matches
74,73,Steve Birnbaum,us USA,DF,D.C. United,28,1991,34,34,3031,1,0,0,0,5,0,0.03,0.00,0.03,0.03,0.03,2.1,2.1,0.5,0.06,0.01,0.07,0.06,0.07,Matches
75,74,José Bizama,cl CHI,DF,Houston,24,1994,5,4,354,0,0,0,0,1,0,0.00,0.00,0.00,0.00,0.00,0.1,0.1,0.0,0.02,0.00,0.02,0.02,0.02,Matches
76,75,Tristan Blackmon,us USA,DF,Los Angeles FC,22,1996,18,15,1378,1,4,0,0,3,0,0.07,0.26,0.33,0.07,0.33,0.7,0.7,1.7,0.05,0.11,0.16,0.05,0.16,Matches
77,Rk,Player,Nation,Pos,Squad,Age,Born,MP,Starts,Min,Gls,Ast,PK,PKatt,CrdY,CrdR,Gls,Ast,G+A,G-PK,G+A-PK,xG,npxG,xA,xG,xA,xG+xA,npxG,npxG+xA,Matches
78,76,Andre Blake,jm JAM,GK,Philadelphia,28,1990,26,26,2303,0,0,0,0,1,0,0.00,0.00,0.00,0.00,0.00,0.0,0.0,0.0,0.00,0.00,0.00,0.00,0.00,Matches
79,77,Sebastián Blanco,ar ARG,"FW,MF",Portland,30,1988,30,28,2507,6,10,0,0,8,0,0.22,0.36,0.57,0.22,0.57,6.6,6.6,9.6,0.24,0.34,0.58,0.24,0.58,Matches
80,78,Latif Blessing,gh GHA,MF,Los Angeles FC,22,1996,34,29,2691,6,3,0,0,7,0,0.20,0.10,0.30,0.20,0.30,6.1,6.1,5.9,0.20,0.20,0.40,0.20,0.40,Matches
81,79,Johan Blomberg,se SWE,"MF,FW",Colorado,31,1987,3,1,88,0,0,0,0,2,1,0.00,0.00,0.00,0.00,0.00,0.1,0.1,0.0,0.06,0.00,0.06,0.06,0.06,Matches
82,80,Emmanuel Boateng,gh GHA,"FW,MF",LA Galaxy,25,1994,21,7,887,1,0,0,0,1,0,0.10,0.00,0.10,0.10,0.10,1.8,1.8,1.8,0.18,0.18,0.37,0.18,0.37,Matches
83,81,Emmanuel Boateng,gh GHA,"FW,MF",D.C. United,25,1994,3,0,54,0,0,0,0,0,0,0.00,0.00,0.00,0.00,0.00,0.0,0.0,0.0,0.00,0.06,0.06,0.00,0.06,Matches
84,82,Corben Bone,us USA,"MF,FW",FC Cincinnati,30,1988,6,2,187,0,0,0,0,0,0,0.00,0.00,0.00,0.00,0.00,0.0,0.0,0.5,0.00,0.24,0.24,0.00,0.24,Matches
85,83,Alex Bono,us USA,GK,Toronto FC,24,1994,7,6,556,0,0,0,0,0,0,0.00,0.00,0.00,0.00,0.00,0.0,0.0,0.0,0.00,0.00,0.00,0.00,0.00,Matches
86,84,Jonathan Bornstein,us USA,DF,Chicago,34,1984,11,11,911,0,0,0,0,1,0,0.00,0.00,0.00,0.00,0.00,0.1,0.1,0.2,0.01,0.02,0.02,0.01,0.02,Matches
87,85,Gustavo Bou,ar ARG,"FW,MF",New England,28,1990,14,13,1152,9,1,0,0,1,0,0.70,0.08,0.78,0.70,0.78,4.1,4.1,1.2,0.32,0.09,0.41,0.32,0.41,Matches
88,86,Michael Boxall,nz NZL,DF,Minnesota,30,1988,29,29,2576,2,0,0,0,3,0,0.07,0.00,0.07,0.07,0.07,1.2,1.2,0.4,0.04,0.02,0.06,0.04,0.06,Matches
89,87,Terrence Boyd,us USA,"FW,MF",Toronto FC,27,1991,11,3,345,0,0,0,0,1,0,0.00,0.00,0.00,0.00,0.00,0.4,0.4,0.0,0.10,0.00,0.10,0.10,0.10,Matches
90,88,Michael Bradley,us USA,MF,Toronto FC,31,1987,27,26,2373,3,1,0,0,4,0,0.11,0.04,0.15,0.11,0.15,2.3,2.3,1.2,0.09,0.04,0.13,0.09,0.13,Matches
91,89,Zachary Brault-Guillard,ca CAN,DF,Montreal,20,1998,13,9,874,0,1,0,0,1,0,0.00,0.10,0.10,0.00,0.10,0.6,0.6,1.5,0.06,0.15,0.21,0.06,0.21,Matches
92,90,Bressan,br BRA,DF,FC Dallas,26,1993,18,12,1120,1,1,0,0,1,0,0.08,0.08,0.16,0.08,0.16,0.3,0.3,0.5,0.03,0.04,0.07,0.03,0.07,Matches
93,91,Shaft Brewer,us USA,DF,Los Angeles FC,19,1999,1,1,90,0,0,0,0,0,0,0.00,0.00,0.00,0.00,0.00,0.0,0.0,0.0,0.01,0.00,0.01,0.01,0.01,Matches
94,92,Frédéric Brillant,fr FRA,DF,D.C. United,33,1985,34,33,2959,2,1,0,0,5,0,0.06,0.03,0.09,0.06,0.09,2.8,2.8,0.6,0.09,0.02,0.11,0.09,0.11,Matches
95,93,Brandt Bronico,us USA,"MF,DF",Chicago,23,1995,29,20,1866,1,2,0,0,2,0,0.05,0.10,0.14,0.05,0.14,0.6,0.6,1.9,0.03,0.09,0.12,0.03,0.12,Matches
96,94,Omar Browne,pa PAN,"FW,MF",Montreal,24,1994,10,5,564,2,1,0,0,1,0,0.32,0.16,0.48,0.32,0.48,1.3,1.3,1.1,0.20,0.18,0.38,0.20,0.38,Matches
97,95,Will Bruin,us USA,FW,Seattle,29,1989,9,4,429,2,1,0,0,1,0,0.42,0.21,0.63,0.42,0.63,1.4,1.4,0.0,0.29,0.01,0.30,0.29,0.30,Matches
98,96,Tajon Buchanan,ca CAN,MF,New England,19,1999,10,4,392,0,2,0,0,0,0,0.00,0.46,0.46,0.00,0.46,0.8,0.8,1.3,0.19,0.29,0.47,0.19,0.47,Matches
99,97,Rece Buckmaster,us USA,DF,NY Red Bulls,22,1996,6,6,540,0,0,0,0,1,0,0.00,0.00,0.00,0.00,0.00,0.1,0.1,0.3,0.02,0.06,0.07,0.02,0.07,Matches
100,98,Teal Bunbury,us USA,"FW,MF",New England,28,1990,32,25,2189,6,2,0,0,2,0,0.25,0.08,0.33,0.25,0.33,6.5,6.5,1.6,0.27,0.07,0.33,0.27,0.33,Matches
101,99,Cory Burke,jm JAM,FW,Philadelphia,27,1991,7,5,490,2,0,0,0,2,0,0.37,0.00,0.37,0.37,0.37,1.8,1.1,0.3,0.32,0.06,0.39,0.20,0.27,Matches
102,100,Evan Bush,us USA,GK,Montreal,32,1986,32,32,2880,0,0,0,0,3,0,0.00,0.00,0.00,0.00,0.00,0.0,0.0,0.0,0.00,0.00,0.00,0.00,0.00,Matches
103,Rk,Player,Nation,Pos,Squad,Age,Born,MP,Starts,Min,Gls,Ast,PK,PKatt,CrdY,CrdR,Gls,Ast,G+A,G-PK,G+A-PK,xG,npxG,xA,xG,xA,xG+xA,npxG,npxG+xA,Matches
104,101,Gianluca Busio,us USA,MF,Sporting KC,16,2002,22,10,928,3,1,0,0,1,0,0.29,0.10,0.39,0.29,0.39,4.2,4.0,0.7,0.41,0.07,0.48,0.39,0.46,Matches
105,102,Handwalla Bwana,ae UAE,FW,Seattle,21,1997,15,6,572,1,1,0,0,1,0,0.16,0.16,0.31,0.16,0.31,0.9,0.9,1.3,0.13,0.21,0.34,0.13,0.34,Matches
106,103,Brandon Bye,us USA,DF,New England,23,1995,30,30,2655,2,2,0,0,6,1,0.07,0.07,0.14,0.07,0.14,1.6,1.6,2.7,0.05,0.09,0.14,0.05,0.14,Matches
107,104,Víctor Cabrera,ar ARG,DF,Montreal,25,1993,16,13,1180,0,0,0,0,2,0,0.00,0.00,0.00,0.00,0.00,0.3,0.3,0.1,0.02,0.00,0.03,0.02,0.03,Matches
108,105,Luís Caicedo,co COL,MF,New England,22,1996,31,27,2354,0,0,1,1,5,0,0.00,0.00,0.00,-0.04,-0.04,1.5,0.7,1.0,0.06,0.04,0.09,0.03,0.06,Matches
109,106,Scott Caldwell,us USA,MF,New England,27,1991,20,12,1082,0,0,0,0,2,0,0.00,0.00,0.00,0.00,0.00,0.1,0.1,0.3,0.01,0.03,0.03,0.01,0.03,Matches
110,107,Alexander Callens,pe PER,DF,NYCFC,26,1992,24,24,2160,0,0,0,0,3,0,0.00,0.00,0.00,0.00,0.00,0.8,0.8,0.1,0.03,0.01,0.04,0.03,0.04,Matches
111,108,Eric Calvillo,us USA,"MF,DF",San Jose,21,1998,2,1,74,0,0,0,0,0,0,0.00,0.00,0.00,0.00,0.00,0.0,0.0,0.0,0.00,0.00,0.00,0.00,0.00,Matches
112,109,Francisco Calvo,cr CRC,DF,Chicago,26,1992,23,21,1936,3,1,0,0,4,0,0.14,0.05,0.19,0.14,0.19,2.8,2.8,1.2,0.13,0.06,0.19,0.13,0.19,Matches
113,110,Francisco Calvo,cr CRC,DF,Minnesota,26,1992,7,7,629,1,0,0,0,4,1,0.14,0.00,0.14,0.14,0.14,0.8,0.8,0.2,0.12,0.03,0.15,0.12,0.15,Matches
114,111,Rudy Camacho,fr FRA,DF,Montreal,27,1991,17,16,1463,1,0,0,0,4,0,0.06,0.00,0.06,0.06,0.06,1.1,1.1,0.3,0.07,0.02,0.08,0.07,0.08,Matches
115,112,Jonathan Campbell,us USA,DF,Seattle,25,1993,4,4,360,0,0,0,0,1,0,0.00,0.00,0.00,0.00,0.00,0.0,0.0,0.0,0.00,0.00,0.00,0.00,0.00,Matches
116,113,Diego Campos,cr CRC,DF,Chicago,23,1995,10,5,440,0,0,0,0,1,0,0.00,0.00,0.00,0.00,0.00,0.0,0.0,0.2,0.00,0.05,0.06,0.00,0.06,Matches
117,114,Reggie Cannon,us USA,DF,FC Dallas,20,1998,28,26,2268,1,1,0,0,7,0,0.04,0.04,0.08,0.04,0.08,0.5,0.5,1.7,0.02,0.07,0.09,0.02,0.09,Matches
118,115,Russell Canouse,us USA,"MF,DF",D.C. United,23,1995,26,25,2146,0,0,0,0,5,0,0.00,0.00,0.00,0.00,0.00,0.5,0.5,0.3,0.02,0.01,0.04,0.02,0.04,Matches
119,116,Andrew Carleton,us USA,"MF,FW",Atlanta,18,2000,3,0,67,0,0,0,0,0,0,0.00,0.00,0.00,0.00,0.00,0.0,0.0,0.0,0.03,0.00,0.03,0.03,0.03,Matches
120,117,Servando Carrasco,us USA,MF,LA Galaxy,30,1988,16,3,396,0,0,0,0,2,0,0.00,0.00,0.00,0.00,0.00,0.0,0.0,0.2,0.00,0.04,0.04,0.00,0.04,Matches
121,118,Julio Cascante,cr CRC,DF,Portland,25,1993,22,16,1442,0,1,0,0,4,1,0.00,0.06,0.06,0.00,0.06,0.8,0.8,0.8,0.05,0.05,0.10,0.05,0.10,Matches
122,119,Cristian Cásseres,ve VEN,MF,NY Red Bulls,19,2000,23,21,1797,3,3,0,0,5,0,0.15,0.15,0.30,0.15,0.30,1.7,1.7,2.0,0.09,0.10,0.19,0.09,0.19,Matches
123,120,Valentín Castellanos,ar ARG,FW,NYCFC,20,1998,30,23,2048,11,6,0,0,7,0,0.48,0.26,0.75,0.48,0.75,6.7,6.7,3.0,0.31,0.14,0.44,0.31,0.44,Matches
124,121,Edgar Castillo,us USA,DF,New England,32,1986,20,20,1689,0,5,0,0,2,0,0.00,0.27,0.27,0.00,0.27,0.6,0.6,2.1,0.03,0.11,0.14,0.03,0.14,Matches
125,122,Emanuel Cecchini,ar ARG,MF,Seattle,22,1996,4,1,157,0,0,0,0,1,0,0.00,0.00,0.00,0.00,0.00,0.1,0.1,0.1,0.06,0.07,0.12,0.06,0.12,Matches
126,123,Darwin Cerén,sv SLV,MF,Houston,29,1989,13,5,536,1,0,0,0,1,0,0.17,0.00,0.17,0.17,0.17,0.2,0.2,0.3,0.03,0.05,0.08,0.03,0.08,Matches
127,124,Edwin Cerrillo,us USA,MF,FC Dallas,18,2000,12,11,916,0,0,0,0,2,0,0.00,0.00,0.00,0.00,0.00,0.1,0.1,0.1,0.01,0.01,0.03,0.01,0.03,Matches
128,125,Thomás Chacón,uy URU,FW,Minnesota,18,2000,2,1,85,0,0,0,0,0,0,0.00,0.00,0.00,0.00,0.00,0.2,0.2,0.0,0.25,0.04,0.28,0.25,0.28,Matches
129,Rk,Player,Nation,Pos,Squad,Age,Born,MP,Starts,Min,Gls,Ast,PK,PKatt,CrdY,CrdR,Gls,Ast,G+A,G-PK,G+A-PK,xG,npxG,xA,xG,xA,xG+xA,npxG,npxG+xA,Matches
130,126,Maxime Chanot,lu LUX,DF,NYCFC,29,1989,31,31,2790,0,0,0,0,11,0,0.00,0.00,0.00,0.00,0.00,0.7,0.7,0.2,0.02,0.01,0.03,0.02,0.03,Matches
131,127,Jay Chapman,ca CAN,"MF,FW",Toronto FC,25,1994,17,5,529,2,2,0,0,1,0,0.34,0.34,0.68,0.34,0.68,0.6,0.6,1.4,0.11,0.23,0.34,0.11,0.34,Matches
132,128,Diego Chará,co COL,MF,Portland,32,1986,30,29,2606,0,1,0,0,12,1,0.00,0.03,0.03,0.00,0.03,1.3,1.3,1.7,0.05,0.06,0.11,0.05,0.11,Matches
133,129,Michaell Chirinos,hn HON,"MF,FW",Vancouver,23,1995,7,4,412,1,1,0,0,2,0,0.22,0.22,0.44,0.22,0.44,1.5,1.5,0.2,0.32,0.05,0.37,0.32,0.37,Matches
134,130,Mathieu Choiniere,ca CAN,"FW,MF",Montreal,19,1999,17,6,685,0,1,0,0,1,0,0.00,0.13,0.13,0.00,0.13,0.4,0.4,0.4,0.06,0.05,0.11,0.06,0.11,Matches
135,131,Laurent Ciman,be BEL,DF,Toronto FC,33,1985,17,14,1264,0,0,0,0,3,0,0.00,0.00,0.00,0.00,0.00,0.4,0.4,0.4,0.03,0.03,0.06,0.03,0.06,Matches
136,132,Ricardo Clark,us USA,MF,Columbus,35,1983,7,4,361,0,0,0,0,0,0,0.00,0.00,0.00,0.00,0.00,0.2,0.2,0.1,0.05,0.03,0.09,0.05,0.09,Matches
137,133,Steve Clark,us USA,GK,Portland,32,1986,24,24,2160,0,0,0,0,2,0,0.00,0.00,0.00,0.00,0.00,0.0,0.0,0.0,0.00,0.00,0.00,0.00,0.00,Matches
138,134,Aurélien Collin,fr FRA,DF,Philadelphia,32,1986,6,6,529,0,0,0,0,2,0,0.00,0.00,0.00,0.00,0.00,0.7,0.7,0.0,0.11,0.00,0.11,0.11,0.11,Matches
139,135,Josué Colmán,py PAR,"FW,MF",Orlando City,20,1998,8,1,160,0,1,0,0,0,0,0.00,0.56,0.56,0.00,0.56,0.1,0.1,0.6,0.08,0.34,0.42,0.08,0.42,Matches
140,136,Tomás Conechny,ar ARG,"FW,MF",Portland,20,1998,16,2,356,1,2,0,0,2,0,0.25,0.51,0.76,0.25,0.76,1.3,1.3,1.6,0.33,0.39,0.72,0.33,0.72,Matches
141,137,Derek Cornelius,ca CAN,DF,Vancouver,21,1997,17,16,1425,1,0,0,0,4,0,0.06,0.00,0.06,0.06,0.06,0.8,0.8,0.2,0.05,0.01,0.06,0.05,0.06,Matches
142,138,Joe Corona,us USA,MF,LA Galaxy,28,1990,31,26,2323,1,1,0,0,6,0,0.04,0.04,0.08,0.04,0.08,1.3,1.3,1.7,0.05,0.06,0.11,0.05,0.11,Matches
143,139,Carlos Coronel,br BRA,GK,Philadelphia,22,1996,4,3,320,0,0,0,0,0,0,0.00,0.00,0.00,0.00,0.00,0.0,0.0,0.0,0.00,0.00,0.00,0.00,0.00,Matches
144,140,Warren Creavalle,us USA,MF,Philadelphia,28,1990,13,5,369,0,1,0,0,0,0,0.00,0.24,0.24,0.00,0.24,0.0,0.0,0.7,0.01,0.16,0.17,0.01,0.17,Matches
145,141,Maxime Crépeau,ca CAN,GK,Vancouver,24,1994,26,26,2340,0,0,0,0,2,0,0.00,0.00,0.00,0.00,0.00,0.0,0.0,0.0,0.00,0.00,0.00,0.00,0.00,Matches
146,142,Alex Crognale,us USA,DF,Columbus,24,1994,12,9,884,0,0,0,0,5,0,0.00,0.00,0.00,0.00,0.00,1.0,1.0,0.0,0.10,0.00,0.10,0.10,0.10,Matches
147,143,Yohan Croizet,fr FRA,"FW,DF",Sporting KC,26,1992,20,12,1092,3,1,0,0,4,0,0.25,0.08,0.33,0.25,0.33,2.2,2.2,0.7,0.18,0.06,0.24,0.18,0.24,Matches
148,144,Cody Cropper,us USA,GK,New England,25,1993,7,7,630,0,0,0,0,1,0,0.00,0.00,0.00,0.00,0.00,0.0,0.0,0.0,0.00,0.00,0.00,0.00,0.00,Matches
149,145,Allan Cruz,cr CRC,"MF,FW",FC Cincinnati,22,1996,22,21,1734,7,0,0,0,5,0,0.36,0.00,0.36,0.36,0.36,4.6,4.6,0.9,0.24,0.05,0.28,0.24,0.28,Matches
150,146,Emil Cuello,us USA,"MF,FW",LA Galaxy,21,1997,9,2,195,0,2,0,0,1,0,0.00,0.92,0.92,0.00,0.92,0.2,0.2,0.9,0.12,0.39,0.51,0.12,0.51,Matches
151,147,Harold Cummings,pa PAN,DF,San Jose,26,1992,16,16,1389,0,0,0,0,5,0,0.00,0.00,0.00,0.00,0.00,0.1,0.1,0.3,0.00,0.02,0.02,0.00,0.02,Matches
152,148,Rashawn Dally,jm JAM,FW,FC Cincinnati,22,1997,12,8,544,1,0,0,0,0,0,0.17,0.00,0.17,0.17,0.17,1.1,1.1,0.5,0.18,0.08,0.26,0.18,0.26,Matches
153,149,Mario Daniel Vega,ar ARG,GK,San Jose,34,1984,34,34,3060,0,0,0,0,1,0,0.00,0.00,0.00,0.00,0.00,0.0,0.0,0.0,0.00,0.00,0.00,0.00,0.00,Matches
154,150,Abu Danladi,gh GHA,"FW,MF",Minnesota,23,1995,24,4,718,2,2,0,0,3,0,0.25,0.25,0.50,0.25,0.50,2.2,2.2,1.5,0.27,0.19,0.46,0.27,0.46,Matches
155,Rk,Player,Nation,Pos,Squad,Age,Born,MP,Starts,Min,Gls,Ast,PK,PKatt,CrdY,CrdR,Gls,Ast,G+A,G-PK,G+A-PK,xG,npxG,xA,xG,xA,xG+xA,npxG,npxG+xA,Matches
156,151,Juan David Cabezas,co COL,MF,Houston,27,1991,15,5,538,1,0,0,0,4,0,0.17,0.00,0.17,0.17,0.17,0.3,0.3,0.0,0.05,0.01,0.05,0.05,0.05,Matches
157,152,Sean Davis,us USA,MF,NY Red Bulls,25,1993,30,28,2557,0,1,0,0,0,0,0.00,0.04,0.04,0.00,0.04,0.6,0.6,1.6,0.02,0.06,0.08,0.02,0.08,Matches
158,153,Alex DeJohn,us USA,DF,Orlando City,27,1991,6,6,403,0,0,0,0,1,0,0.00,0.00,0.00,0.00,0.00,0.1,0.1,0.1,0.02,0.02,0.04,0.02,0.04,Matches
159,154,A.J. DeLaGarza,gu GUM,DF,Houston,31,1987,23,23,1991,0,1,0,0,5,0,0.00,0.05,0.05,0.00,0.05,0.3,0.3,0.5,0.01,0.02,0.04,0.01,0.04,Matches
160,155,Antonio Delamea Mlinar,si SVN,DF,New England,27,1991,17,16,1366,2,1,0,0,7,1,0.13,0.07,0.20,0.13,0.20,1.2,1.2,0.1,0.08,0.00,0.08,0.08,0.08,Matches
161,156,Jordy Delem,mq MTQ,MF,Seattle,25,1993,23,17,1437,0,0,0,0,4,0,0.00,0.00,0.00,0.00,0.00,0.4,0.4,0.0,0.03,0.00,0.03,0.03,0.03,Matches
162,157,Nick DeLeon,us USA,"MF,FW",Toronto FC,28,1990,32,23,1853,6,1,0,0,2,0,0.29,0.05,0.34,0.29,0.34,4.3,4.3,2.6,0.21,0.12,0.33,0.21,0.33,Matches
163,158,Marky Delgado,us USA,MF,Toronto FC,23,1995,30,29,2548,2,5,0,0,4,0,0.07,0.18,0.25,0.07,0.25,2.6,2.6,3.8,0.09,0.13,0.22,0.09,0.22,Matches
164,159,Mathieu Deplagne,fr FRA,DF,FC Cincinnati,27,1991,33,33,2875,1,1,0,0,4,0,0.03,0.03,0.06,0.03,0.06,2.4,2.4,1.0,0.07,0.03,0.11,0.07,0.11,Matches
165,160,Maikel van der Werff,nl NED,DF,FC Cincinnati,29,1989,11,11,990,0,0,0,0,2,0,0.00,0.00,0.00,0.00,0.00,0.9,0.9,0.2,0.08,0.02,0.10,0.08,0.10,Matches
166,161,Tyler Deric,us USA,GK,Houston,30,1988,7,7,630,0,0,0,0,0,0,0.00,0.00,0.00,0.00,0.00,0.0,0.0,0.0,0.00,0.00,0.00,0.00,0.00,Matches
167,162,Justin Dhillon,us USA,FW,Seattle,23,1995,5,3,264,0,0,0,0,0,0,0.00,0.00,0.00,0.00,0.00,0.8,0.8,0.5,0.28,0.17,0.45,0.28,0.45,Matches
168,163,Zakaria Diallo,fr FRA,DF,Montreal,32,1986,24,23,2036,3,2,0,0,2,1,0.13,0.09,0.22,0.13,0.22,1.8,1.8,0.7,0.08,0.03,0.11,0.08,0.11,Matches
169,164,Luis Díaz,cr CRC,"FW,MF",Columbus,20,1998,13,9,796,2,3,0,0,1,0,0.23,0.34,0.57,0.23,0.57,0.9,0.9,2.2,0.10,0.24,0.35,0.10,0.35,Matches
170,165,Eric Dick,us USA,GK,Sporting KC,24,1994,1,1,90,0,0,0,0,0,0,0.00,0.00,0.00,0.00,0.00,0.0,0.0,0.0,0.00,0.00,0.00,0.00,0.00,Matches
171,166,Claude Dielna,GPE,DF,Portland,31,1987,15,12,1087,0,0,0,0,3,0,0.00,0.00,0.00,0.00,0.00,1.0,1.0,0.1,0.09,0.01,0.09,0.09,0.09,Matches
172,167,Adama Diomande,no NOR,FW,Los Angeles FC,28,1990,25,15,1436,8,5,0,0,1,0,0.50,0.31,0.81,0.50,0.81,9.3,9.3,3.3,0.58,0.21,0.79,0.58,0.79,Matches
173,168,Clément Diop,sn SEN,GK,Montreal,25,1993,2,2,180,0,0,0,0,0,0,0.00,0.00,0.00,0.00,0.00,0.0,0.0,0.0,0.00,0.00,0.00,0.00,0.00,Matches
174,169,Griffin Dorsey,us USA,DF,Toronto FC,19,1999,1,0,4,0,0,0,0,0,0,0.00,0.00,0.00,0.00,0.00,0.0,0.0,0.0,0.00,0.00,0.00,0.00,0.00,Matches
175,170,Jonathan dos Santos,mx MEX,MF,LA Galaxy,28,1990,29,29,2542,2,3,1,1,5,0,0.07,0.11,0.18,0.04,0.14,1.2,0.4,3.8,0.04,0.13,0.18,0.01,0.15,Matches
176,171,Hassani Dotson,us USA,"DF,MF",Minnesota,21,1997,24,15,1410,4,0,0,0,2,0,0.26,0.00,0.26,0.26,0.26,0.6,0.6,0.4,0.04,0.02,0.06,0.04,0.06,Matches
177,172,Kyle Duncan,us USA,DF,NY Red Bulls,21,1997,13,13,1078,1,2,0,0,4,0,0.08,0.17,0.25,0.08,0.25,0.7,0.7,1.2,0.06,0.10,0.15,0.06,0.15,Matches
178,173,Chris Durkin,us USA,MF,D.C. United,18,2000,13,7,640,1,0,0,0,1,0,0.14,0.00,0.14,0.14,0.14,0.1,0.1,0.3,0.02,0.05,0.06,0.02,0.06,Matches
179,174,Chris Duvall,us USA,DF,Houston,27,1991,1,1,90,0,0,0,0,0,0,0.00,0.00,0.00,0.00,0.00,0.0,0.0,0.0,0.00,0.00,0.00,0.00,0.00,Matches
180,175,Dom Dwyer,us USA,FW,Orlando City,28,1990,27,16,1616,7,3,0,0,6,1,0.39,0.17,0.56,0.39,0.56,8.8,8.8,1.4,0.49,0.08,0.57,0.49,0.57,Matches
181,Rk,Player,Nation,Pos,Squad,Age,Born,MP,Starts,Min,Gls,Ast,PK,PKatt,CrdY,CrdR,Gls,Ast,G+A,G-PK,G+A-PK,xG,npxG,xA,xG,xA,xG+xA,npxG,npxG+xA,Matches
182,176,Jeremy Ebobisse,us USA,FW,Portland,21,1997,34,25,2307,11,1,0,0,3,0,0.43,0.04,0.47,0.43,0.47,10.4,10.4,2.0,0.41,0.08,0.49,0.41,0.49,Matches
183,177,Raheem Edwards,ca CAN,DF,Chicago,23,1995,4,2,245,1,0,0,0,2,0,0.37,0.00,0.37,0.37,0.37,0.6,0.6,0.3,0.24,0.09,0.33,0.24,0.33,Matches
184,178,Alberth Elis,hn HON,"FW,MF",Houston,22,1996,26,22,1923,9,8,2,2,6,1,0.42,0.37,0.80,0.33,0.70,10.0,8.5,7.0,0.47,0.33,0.80,0.40,0.73,Matches
185,179,Jack Elliott,eng ENG,DF,Philadelphia,23,1995,34,34,3060,2,0,0,0,4,0,0.06,0.00,0.06,0.06,0.06,2.7,2.7,0.8,0.08,0.02,0.10,0.08,0.10,Matches
186,180,Tsubasa Endoh,jp JPN,"FW,MF",Toronto FC,25,1993,13,10,873,3,2,0,0,1,0,0.31,0.21,0.52,0.31,0.52,1.7,1.7,1.2,0.18,0.12,0.30,0.18,0.30,Matches
187,181,Marcus Epps,us USA,"MF,DF",NY Red Bulls,24,1995,3,1,110,0,0,0,0,0,0,0.00,0.00,0.00,0.00,0.00,0.0,0.0,0.0,0.04,0.00,0.04,0.04,0.04,Matches
188,182,Jon Erice,es ESP,MF,Vancouver,32,1986,21,21,1747,0,1,0,0,2,0,0.00,0.05,0.05,0.00,0.05,0.2,0.2,0.8,0.01,0.04,0.05,0.01,0.05,Matches
189,183,Magnus Eriksson,se SWE,MF,San Jose,28,1990,32,32,2802,6,7,1,1,5,0,0.19,0.22,0.42,0.16,0.39,5.7,4.9,7.6,0.18,0.24,0.43,0.16,0.40,Matches
190,184,Franco Escobar,ar ARG,DF,Atlanta,23,1995,25,22,2013,1,2,0,0,9,0,0.04,0.09,0.13,0.04,0.13,0.8,0.8,1.8,0.04,0.08,0.12,0.04,0.12,Matches
191,185,Cristian Espinoza,ar ARG,"FW,MF",San Jose,23,1995,30,30,2524,2,10,0,0,8,2,0.07,0.36,0.43,0.07,0.43,4.2,4.2,9.7,0.15,0.35,0.50,0.15,0.50,Matches
192,186,Roger Espinoza,hn HON,MF,Sporting KC,32,1986,16,15,1140,0,1,0,0,5,3,0.00,0.08,0.08,0.00,0.08,1.1,1.1,1.4,0.09,0.11,0.20,0.09,0.20,Matches
193,187,Derrick Etienne,ht HAI,FW,FC Cincinnati,22,1996,5,2,220,0,0,0,0,0,0,0.00,0.00,0.00,0.00,0.00,0.2,0.2,0.1,0.07,0.03,0.10,0.07,0.10,Matches
194,188,Derrick Etienne,ht HAI,"FW,MF",NY Red Bulls,22,1996,11,5,467,1,1,0,0,0,0,0.19,0.19,0.39,0.19,0.39,0.8,0.8,0.6,0.16,0.11,0.26,0.16,0.26,Matches
195,189,Marco Fabián,mx MEX,"MF,FW",Philadelphia,29,1989,23,15,1246,7,1,2,4,5,1,0.51,0.07,0.58,0.36,0.43,6.9,3.8,1.9,0.50,0.13,0.63,0.28,0.41,Matches
196,190,Fabinho,br BRA,DF,Philadelphia,33,1985,1,1,90,0,0,0,0,0,0,0.00,0.00,0.00,0.00,0.00,0.0,0.0,0.0,0.03,0.00,0.03,0.03,0.03,Matches
197,191,Diego Fagúndez,uy URU,"MF,FW",New England,23,1995,25,13,1175,2,3,0,1,2,0,0.15,0.23,0.38,0.15,0.38,2.6,1.9,1.7,0.20,0.13,0.33,0.14,0.27,Matches
198,192,Rod Fanni,fr FRA,DF,Montreal,37,1981,3,3,270,0,0,0,0,0,0,0.00,0.00,0.00,0.00,0.00,0.0,0.0,0.1,0.00,0.02,0.02,0.00,0.02,Matches
199,193,Marco Farfan,us USA,DF,Portland,20,1998,3,3,189,0,0,0,0,2,0,0.00,0.00,0.00,0.00,0.00,0.0,0.0,0.0,0.00,0.01,0.01,0.00,0.01,Matches
200,194,Andrew Farrell,us USA,DF,New England,26,1992,29,29,2602,0,1,0,0,7,0,0.00,0.03,0.03,0.00,0.03,0.1,0.1,0.5,0.00,0.02,0.02,0.00,0.02,Matches
201,195,Benny Feilhaber,us USA,MF,Sporting KC,34,1985,17,13,1100,2,1,0,0,3,0,0.16,0.08,0.25,0.16,0.25,1.6,1.6,1.6,0.13,0.13,0.26,0.13,0.26,Matches
202,196,Benny Feilhaber,us USA,MF,Colorado,34,1985,9,7,619,2,2,0,0,3,0,0.29,0.29,0.58,0.29,0.58,1.1,1.1,0.7,0.16,0.10,0.26,0.16,0.26,Matches
203,197,Felipe,br BRA,MF,Vancouver,28,1990,18,13,1142,1,0,0,0,5,0,0.08,0.00,0.08,0.08,0.08,1.2,1.2,0.6,0.09,0.05,0.14,0.09,0.14,Matches
204,198,Felipe,br BRA,MF,D.C. United,28,1990,9,9,774,0,0,0,0,1,0,0.00,0.00,0.00,0.00,0.00,0.2,0.2,0.4,0.02,0.05,0.07,0.02,0.07,Matches
205,199,Luis Felipe,br BRA,MF,San Jose,23,1996,3,0,42,0,0,0,0,1,0,0.00,0.00,0.00,0.00,0.00,0.0,0.0,0.0,0.00,0.00,0.00,0.00,0.00,Matches
206,200,Rolf Feltscher,ve VEN,DF,LA Galaxy,28,1990,25,25,2178,1,3,0,0,7,0,0.04,0.12,0.17,0.04,0.17,1.8,1.8,3.8,0.08,0.16,0.23,0.08,0.23,Matches
207,Rk,Player,Nation,Pos,Squad,Age,Born,MP,Starts,Min,Gls,Ast,PK,PKatt,CrdY,CrdR,Gls,Ast,G+A,G-PK,G+A-PK,xG,npxG,xA,xG,xA,xG+xA,npxG,npxG+xA,Matches
208,201,Gerso Fernandes,gw GNB,"FW,MF",Sporting KC,27,1991,25,20,1745,2,6,0,0,5,0,0.10,0.31,0.41,0.10,0.41,5.4,5.4,4.6,0.28,0.24,0.52,0.28,0.52,Matches
209,202,Brian Fernández,ar ARG,FW,Portland,24,1994,19,16,1409,11,1,0,0,4,1,0.70,0.06,0.77,0.70,0.77,8.4,8.4,2.5,0.53,0.16,0.70,0.53,0.70,Matches
210,203,Omir Fernandez,us USA,"FW,MF",NY Red Bulls,19,1999,18,3,580,2,1,0,0,0,0,0.31,0.16,0.47,0.31,0.47,2.1,2.1,1.1,0.33,0.17,0.50,0.33,0.50,Matches
211,204,Juan Fernando Caicedo,co COL,FW,New England,29,1989,27,13,1073,5,2,0,0,2,0,0.42,0.17,0.59,0.42,0.59,4.9,4.9,0.9,0.41,0.07,0.48,0.41,0.48,Matches
212,205,Jesus Ferreira,us USA,"FW,MF",FC Dallas,18,2000,33,29,2439,8,5,0,0,4,0,0.30,0.18,0.48,0.30,0.48,8.9,8.9,2.5,0.33,0.09,0.42,0.33,0.42,Matches
213,206,Marcelo dos Santos Ferreira,br BRA,DF,Chicago,29,1989,16,12,1151,0,0,0,0,1,0,0.00,0.00,0.00,0.00,0.00,0.3,0.3,0.0,0.02,0.00,0.02,0.02,0.02,Matches
214,207,Carlos Fierro,mx MEX,"FW,MF",San Jose,24,1994,7,2,229,0,0,0,0,0,0,0.00,0.00,0.00,0.00,0.00,1.0,1.0,0.0,0.39,0.01,0.40,0.39,0.40,Matches
215,208,Maynor Figueroa,hn HON,DF,Houston,35,1983,25,25,2249,0,1,0,0,6,1,0.00,0.04,0.04,0.00,0.04,0.8,0.8,1.2,0.03,0.05,0.08,0.03,0.08,Matches
216,209,Ethan Finlay,us USA,"FW,MF",Minnesota,28,1990,33,22,1911,7,2,2,2,3,0,0.33,0.09,0.42,0.24,0.33,7.3,5.8,2.9,0.34,0.14,0.48,0.27,0.41,Matches
217,210,Andrés Flores,sv SLV,MF,Portland,28,1990,15,9,778,0,1,0,0,0,0,0.00,0.12,0.12,0.00,0.12,0.5,0.5,0.1,0.06,0.01,0.08,0.06,0.08,Matches
218,211,Anthony Fontana,us USA,"MF,FW",Philadelphia,19,1999,8,0,127,1,0,0,0,0,0,0.71,0.00,0.71,0.71,0.71,0.6,0.6,0.0,0.46,0.00,0.46,0.46,0.46,Matches
219,212,Andreu Fontàs,es ESP,DF,Sporting KC,29,1989,13,10,967,0,0,0,0,2,0,0.00,0.00,0.00,0.00,0.00,0.4,0.4,0.1,0.04,0.01,0.05,0.04,0.05,Matches
220,213,Waylon Francis,cr CRC,DF,Columbus,28,1990,17,16,1382,0,0,0,0,3,0,0.00,0.00,0.00,0.00,0.00,0.1,0.1,0.5,0.00,0.03,0.04,0.00,0.04,Matches
221,214,Przemysław Frankowski,pl POL,"FW,MF",Chicago,23,1995,31,24,2303,5,7,0,0,3,0,0.20,0.27,0.47,0.20,0.47,6.6,6.6,5.5,0.26,0.22,0.48,0.26,0.48,Matches
222,215,Liam Fraser,ca CAN,"MF,DF",Toronto FC,20,1998,9,9,810,0,0,0,0,3,0,0.00,0.00,0.00,0.00,0.00,0.6,0.6,0.2,0.07,0.03,0.10,0.07,0.10,Matches
223,216,Matt Freese,us USA,GK,Philadelphia,20,1998,6,5,437,0,0,0,0,0,0,0.00,0.00,0.00,0.00,0.00,0.0,0.0,0.0,0.00,0.00,0.00,0.00,0.00,Matches
224,217,Stefan Frei,ch SUI,GK,Seattle,32,1986,34,34,3060,0,0,0,0,1,0,0.00,0.00,0.00,0.00,0.00,0.0,0.0,0.0,0.00,0.00,0.00,0.00,0.00,Matches
225,218,Alejandro Fuenmayor,ve VEN,DF,Houston,22,1996,8,8,698,0,1,0,0,3,0,0.00,0.13,0.13,0.00,0.13,0.8,0.8,0.0,0.10,0.00,0.10,0.10,0.10,Matches
226,219,Gilbert Fuentes,us USA,FW,San Jose,16,2002,1,0,3,0,0,0,0,0,0,0.00,0.00,0.00,0.00,0.00,0.0,0.0,0.0,0.00,0.00,0.00,0.00,0.00,Matches
227,220,Ray Gaddis,us USA,DF,Philadelphia,29,1990,34,34,2958,0,1,0,0,2,0,0.00,0.03,0.03,0.00,0.03,0.5,0.5,1.0,0.02,0.03,0.05,0.02,0.05,Matches
228,221,Nicolás Gaitán,ar ARG,MF,Chicago,30,1988,27,25,2006,4,11,1,3,2,1,0.18,0.49,0.67,0.13,0.63,5.6,3.2,6.0,0.26,0.28,0.55,0.15,0.43,Matches
229,222,Erickson Gallardo,ve VEN,"MF,FW",Toronto FC,25,1993,5,4,241,0,1,0,0,0,0,0.00,0.37,0.37,0.00,0.37,0.4,0.4,0.5,0.16,0.21,0.37,0.16,0.37,Matches
230,223,Boniek García,hn HON,MF,Houston,34,1984,32,30,2577,0,1,0,0,5,0,0.00,0.03,0.03,0.00,0.03,0.7,0.7,1.7,0.03,0.06,0.09,0.03,0.09,Matches
231,224,Kevin Garcia,us USA,DF,Houston,28,1990,12,8,816,0,0,0,0,1,0,0.00,0.00,0.00,0.00,0.00,0.1,0.1,0.0,0.01,0.00,0.01,0.01,0.01,Matches
232,225,Greg Garza,us USA,DF,FC Cincinnati,27,1991,13,11,908,0,0,0,0,1,0,0.00,0.00,0.00,0.00,0.00,0.0,0.0,0.9,0.00,0.08,0.08,0.00,0.08,Matches
233,Rk,Player,Nation,Pos,Squad,Age,Born,MP,Starts,Min,Gls,Ast,PK,PKatt,CrdY,CrdR,Gls,Ast,G+A,G-PK,G+A-PK,xG,npxG,xA,xG,xA,xG+xA,npxG,npxG+xA,Matches
234,226,Chase Gasper,us USA,DF,Minnesota,23,1996,15,14,1293,0,0,0,0,7,1,0.00,0.00,0.00,0.00,0.00,0.3,0.3,0.5,0.02,0.03,0.06,0.02,0.06,Matches
235,227,Carles Gil,es ESP,"MF,FW",New England,26,1992,34,34,3051,10,12,4,5,5,0,0.29,0.35,0.65,0.18,0.53,7.9,4.1,8.5,0.23,0.25,0.48,0.12,0.37,Matches
236,228,Justen Glad,us USA,DF,Real Salt Lake,21,1997,23,23,2063,0,0,0,0,2,0,0.00,0.00,0.00,0.00,0.00,1.1,1.1,0.2,0.05,0.01,0.06,0.05,0.06,Matches
237,229,Aníbal Godoy,pa PAN,MF,San Jose,28,1990,15,15,1343,0,1,0,0,8,0,0.00,0.07,0.07,0.00,0.07,0.2,0.2,0.9,0.01,0.06,0.07,0.01,0.07,Matches
238,230,Erik Godoy,ar ARG,DF,Vancouver,25,1993,29,28,2597,1,1,0,0,6,0,0.03,0.03,0.07,0.03,0.07,0.8,0.8,0.8,0.03,0.03,0.05,0.03,0.05,Matches
239,231,Leandro González Pirez,ar ARG,DF,Atlanta,26,1992,31,31,2699,1,0,0,0,11,1,0.03,0.00,0.03,0.03,0.03,2.2,2.2,0.4,0.07,0.01,0.09,0.07,0.09,Matches
240,232,Giancarlo González,cr CRC,DF,LA Galaxy,30,1988,20,15,1434,1,0,0,0,5,0,0.06,0.00,0.06,0.06,0.06,0.7,0.7,0.2,0.04,0.01,0.05,0.04,0.05,Matches
241,233,Jesse Gonzalez,mx MEX,GK,FC Dallas,23,1995,32,32,2880,0,0,0,0,5,0,0.00,0.00,0.00,0.00,0.00,0.0,0.0,0.1,0.00,0.00,0.00,0.00,0.00,Matches
242,234,Omar Gonzalez,us USA,DF,Toronto FC,30,1988,14,14,1260,1,1,0,0,0,0,0.07,0.07,0.14,0.07,0.14,0.6,0.6,0.1,0.04,0.01,0.05,0.04,0.05,Matches
243,235,Ján Greguš,sk SVK,MF,Minnesota,28,1991,30,30,2677,1,9,0,0,4,1,0.03,0.30,0.34,0.03,0.34,1.7,1.7,5.4,0.06,0.18,0.24,0.06,0.24,Matches
244,236,Julian Gressel,de GER,"DF,FW",Atlanta,25,1993,33,31,2686,6,11,0,0,3,0,0.20,0.37,0.57,0.20,0.57,5.0,5.0,8.8,0.17,0.29,0.46,0.17,0.46,Matches
245,237,Carlos Gruezo,ec ECU,MF,FC Dallas,23,1995,9,9,783,1,0,0,0,1,0,0.11,0.00,0.11,0.11,0.11,0.7,0.7,0.2,0.08,0.02,0.10,0.08,0.10,Matches
246,238,Felipe Gutiérrez,cl CHI,MF,Sporting KC,28,1990,32,31,2716,12,1,5,6,11,0,0.40,0.03,0.43,0.23,0.27,9.5,5.0,4.9,0.32,0.16,0.48,0.16,0.33,Matches
247,239,Jeremiah Gutjahr,us USA,DF,Chicago,21,1997,8,5,503,0,1,0,0,1,0,0.00,0.18,0.18,0.00,0.18,0.0,0.0,0.3,0.01,0.07,0.08,0.01,0.08,Matches
248,240,Andrew Gutman,us USA,DF,FC Cincinnati,22,1996,8,5,483,0,1,0,0,2,0,0.00,0.19,0.19,0.00,0.19,0.2,0.2,0.2,0.03,0.03,0.06,0.03,0.06,Matches
249,241,Brad Guzan,us USA,GK,Atlanta,34,1984,34,34,3060,0,0,0,0,0,0,0.00,0.00,0.00,0.00,0.00,0.0,0.0,0.0,0.00,0.00,0.00,0.00,0.00,Matches
250,242,David Guzmán,cr CRC,MF,Portland,28,1990,5,4,348,0,1,0,0,0,0,0.00,0.26,0.26,0.00,0.26,0.2,0.2,1.3,0.04,0.34,0.39,0.04,0.39,Matches
251,243,David Guzmán,cr CRC,MF,Columbus,28,1990,16,13,1137,0,0,0,0,6,0,0.00,0.00,0.00,0.00,0.00,0.8,0.8,0.4,0.06,0.04,0.09,0.06,0.09,Matches
252,244,Edwin Gyasi,gh GHA,FW,FC Dallas,27,1991,4,1,84,0,0,0,0,0,0,0.00,0.00,0.00,0.00,0.00,0.1,0.1,0.0,0.10,0.03,0.13,0.10,0.13,Matches
253,245,Joe Gyau,us USA,"FW,MF",FC Cincinnati,26,1992,8,5,461,0,0,0,0,0,1,0.00,0.00,0.00,0.00,0.00,0.6,0.6,0.1,0.11,0.01,0.12,0.11,0.12,Matches
254,246,Justin Haak,us USA,MF,NYCFC,17,2001,3,0,7,0,0,0,0,0,0,0.00,0.00,0.00,0.00,0.00,0.0,0.0,0.0,0.00,0.00,0.00,0.00,0.00,Matches
255,247,Nick Hagglund,us USA,DF,FC Cincinnati,26,1992,22,20,1803,0,0,0,0,2,0,0.00,0.00,0.00,0.00,0.00,1.0,1.0,0.1,0.05,0.01,0.06,0.05,0.06,Matches
256,248,Marlon Hairston,us USA,FW,Houston,24,1994,12,5,412,0,0,0,0,0,0,0.00,0.00,0.00,0.00,0.00,0.7,0.7,0.5,0.16,0.12,0.28,0.16,0.28,Matches
257,249,Siad Haji,so SOM,"DF,MF",San Jose,19,1999,4,0,44,0,0,0,0,0,0,0.00,0.00,0.00,0.00,0.00,0.0,0.0,0.0,0.00,0.00,0.00,0.00,0.00,Matches
258,250,Niko Hämäläinen,fi FIN,DF,Los Angeles FC,21,1997,3,1,96,0,1,0,0,0,0,0.00,0.94,0.94,0.00,0.94,0.0,0.0,0.0,0.00,0.02,0.02,0.00,0.02,Matches
259,Rk,Player,Nation,Pos,Squad,Age,Born,MP,Starts,Min,Gls,Ast,PK,PKatt,CrdY,CrdR,Gls,Ast,G+A,G-PK,G+A-PK,xG,npxG,xA,xG,xA,xG+xA,npxG,npxG+xA,Matches
260,251,Bill Hamid,us USA,GK,D.C. United,28,1990,33,33,2970,0,0,0,0,0,0,0.00,0.00,0.00,0.00,0.00,0.0,0.0,0.2,0.00,0.01,0.01,0.00,0.01,Matches
261,252,Jordan Hamilton,ca CAN,FW,Toronto FC,22,1996,14,7,624,4,0,0,0,0,0,0.58,0.00,0.58,0.58,0.58,4.1,4.1,0.2,0.59,0.03,0.62,0.59,0.62,Matches
262,253,Jordan Hamilton,ca CAN,FW,Columbus,22,1996,4,0,60,0,0,0,0,0,0,0.00,0.00,0.00,0.00,0.00,0.1,0.1,0.0,0.15,0.00,0.15,0.15,0.15,Matches
263,254,Niko Hansen,dk DEN,"MF,DF",Columbus,24,1994,9,2,252,0,0,0,0,1,0,0.00,0.00,0.00,0.00,0.00,0.0,0.0,0.2,0.00,0.07,0.07,0.00,0.07,Matches
264,255,Niko Hansen,dk DEN,"MF,FW",Houston,24,1994,4,0,38,0,0,0,0,0,0,0.00,0.00,0.00,0.00,0.00,0.1,0.1,0.0,0.14,0.00,0.14,0.14,0.14,Matches
265,256,Jordan Harvey,us USA,DF,Los Angeles FC,35,1984,30,28,2359,1,4,0,0,4,0,0.04,0.15,0.19,0.04,0.19,1.1,1.1,2.2,0.04,0.09,0.13,0.04,0.13,Matches
266,257,Nicolas Hasler,li LIE,DF,Sporting KC,27,1991,9,7,636,0,0,0,0,0,0,0.00,0.00,0.00,0.00,0.00,0.0,0.0,0.6,0.01,0.09,0.10,0.01,0.10,Matches
267,258,Nicolas Hasler,li LIE,DF,Chicago,27,1991,3,1,74,0,0,0,0,0,0,0.00,0.00,0.00,0.00,0.00,0.0,0.0,0.0,0.03,0.06,0.09,0.03,0.09,Matches
268,259,Jacori Hayes,us USA,MF,FC Dallas,23,1995,19,8,854,0,2,0,0,1,0,0.00,0.21,0.21,0.00,0.21,0.4,0.4,0.4,0.04,0.04,0.08,0.04,0.08,Matches
269,260,Héber,br BRA,FW,NYCFC,27,1991,22,18,1573,15,3,0,0,1,0,0.86,0.17,1.03,0.86,1.03,9.9,9.9,2.0,0.60,0.12,0.72,0.60,0.72,Matches
270,261,Matt Hedges,us USA,DF,FC Dallas,28,1990,33,33,2883,1,0,0,0,5,1,0.03,0.00,0.03,0.03,0.03,1.5,1.5,0.6,0.05,0.02,0.06,0.05,0.06,Matches
271,262,Doneil Henry,ca CAN,DF,Vancouver,25,1993,25,24,2123,4,0,0,0,3,0,0.17,0.00,0.17,0.17,0.17,1.1,1.1,0.0,0.05,0.00,0.05,0.05,0.05,Matches
272,263,Fabian Herbers,de GER,"MF,FW",Chicago,25,1993,17,7,780,3,1,0,0,3,0,0.35,0.12,0.46,0.35,0.46,1.9,1.9,1.1,0.21,0.12,0.34,0.21,0.34,Matches
273,264,Felipe Hernandez,us USA,MF,Sporting KC,20,1998,2,1,96,0,0,0,0,0,0,0.00,0.00,0.00,0.00,0.00,0.0,0.0,0.0,0.02,0.00,0.02,0.02,0.02,Matches
274,265,Aaron Herrera,us USA,DF,Real Salt Lake,21,1997,32,31,2768,0,3,0,0,7,1,0.00,0.10,0.10,0.00,0.10,0.6,0.6,2.3,0.02,0.07,0.09,0.02,0.09,Matches
275,266,Federico Higuaín,ar ARG,MF,Columbus,34,1984,14,13,1129,1,3,0,1,2,0,0.08,0.24,0.32,0.08,0.32,2.1,1.3,2.5,0.17,0.20,0.37,0.11,0.31,Matches
276,267,Cristian Higuita,co COL,MF,Orlando City,25,1994,9,7,643,0,0,0,0,5,0,0.00,0.00,0.00,0.00,0.00,0.2,0.2,0.1,0.03,0.02,0.05,0.03,0.05,Matches
277,268,Danny Hoesen,nl NED,FW,San Jose,28,1991,30,12,1478,5,3,0,0,1,0,0.30,0.18,0.49,0.30,0.49,8.1,8.1,3.1,0.50,0.19,0.68,0.50,0.68,Matches
278,269,Ryan Hollingshead,us USA,DF,FC Dallas,27,1991,34,33,2960,6,1,0,0,3,0,0.18,0.03,0.21,0.18,0.21,3.8,3.8,2.0,0.12,0.06,0.18,0.12,0.18,Matches
279,270,Erik Holt,us USA,DF,Real Salt Lake,22,1996,5,5,370,0,0,0,0,0,0,0.00,0.00,0.00,0.00,0.00,0.0,0.0,0.0,0.00,0.00,0.00,0.00,0.00,Matches
280,271,Shandon Hopeau,us USA,FW,Seattle,20,1998,1,0,33,0,0,0,0,0,0,0.00,0.00,0.00,0.00,0.00,0.0,0.0,0.0,0.00,0.00,0.00,0.00,0.00,Matches
281,272,André Horta,pt POR,MF,Los Angeles FC,22,1996,4,2,184,0,0,0,0,1,0,0.00,0.00,0.00,0.00,0.00,0.2,0.2,0.1,0.11,0.04,0.15,0.11,0.15,Matches
282,273,Tim Howard,us USA,GK,Colorado,39,1979,25,25,2159,0,0,0,0,1,0,0.00,0.00,0.00,0.00,0.00,0.0,0.0,0.1,0.00,0.00,0.00,0.00,0.00,Matches
283,274,Justin Hoyte,tt TRI,DF,FC Cincinnati,34,1984,17,16,1476,0,0,0,0,3,0,0.00,0.00,0.00,0.00,0.00,0.1,0.1,0.1,0.00,0.01,0.01,0.00,0.01,Matches
284,275,Erik Hurtado,us USA,FW,Sporting KC,28,1990,13,8,816,2,0,0,0,1,0,0.22,0.00,0.22,0.22,0.22,3.3,3.3,0.4,0.37,0.04,0.41,0.37,0.41,Matches
285,Rk,Player,Nation,Pos,Squad,Age,Born,MP,Starts,Min,Gls,Ast,PK,PKatt,CrdY,CrdR,Gls,Ast,G+A,G-PK,G+A-PK,xG,npxG,xA,xG,xA,xG+xA,npxG,npxG+xA,Matches
286,276,Emerson Hyndman,us USA,"MF,FW",Atlanta,22,1996,15,10,987,1,1,0,0,1,0,0.09,0.09,0.18,0.09,0.18,1.6,1.6,0.9,0.15,0.08,0.22,0.15,0.22,Matches
287,277,Miguel Ibarra,us USA,"FW,MF",Minnesota,28,1990,22,16,1506,1,1,0,0,4,0,0.06,0.06,0.12,0.06,0.12,2.4,2.4,2.4,0.14,0.14,0.28,0.14,0.28,Matches
288,278,Romario Ibarra,ec ECU,FW,Minnesota,24,1994,8,4,380,2,0,0,0,1,0,0.47,0.00,0.47,0.47,0.47,1.1,1.1,0.2,0.26,0.06,0.32,0.26,0.32,Matches
289,279,Sebastien Ibeagha,us USA,DF,NYCFC,27,1992,23,11,1117,0,0,0,0,1,0,0.00,0.00,0.00,0.00,0.00,0.0,0.0,0.0,0.00,0.00,0.00,0.00,0.00,Matches
290,280,Zlatan Ibrahimović,se SWE,FW,LA Galaxy,37,1981,29,29,2610,30,7,6,7,7,0,1.03,0.24,1.28,0.83,1.07,22.8,17.3,6.3,0.79,0.22,1.01,0.60,0.82,Matches
291,281,Ilsinho,br BRA,"FW,MF",Philadelphia,33,1985,28,7,1094,5,5,0,0,2,0,0.41,0.41,0.82,0.41,0.82,2.5,2.4,2.8,0.21,0.23,0.43,0.19,0.42,Matches
292,282,Hwang In-beom,kr KOR,MF,Vancouver,22,1996,34,31,2806,3,3,1,1,6,0,0.10,0.10,0.19,0.06,0.16,3.1,2.3,3.5,0.10,0.11,0.21,0.07,0.19,Matches
293,283,Clint Irwin,us USA,GK,Colorado,29,1989,11,9,901,0,0,0,0,0,0,0.00,0.00,0.00,0.00,0.00,0.0,0.0,0.0,0.00,0.00,0.00,0.00,0.00,Matches
294,284,Andreas Ivan,ro ROU,"FW,MF",NY Red Bulls,24,1995,12,5,490,1,2,0,0,0,0,0.18,0.37,0.55,0.18,0.55,1.2,1.2,0.5,0.23,0.09,0.32,0.23,0.32,Matches
295,285,Niki Jackson,us USA,"FW,MF",Colorado,23,1995,4,0,39,0,0,0,0,0,0,0.00,0.00,0.00,0.00,0.00,0.1,0.1,0.0,0.20,0.00,0.20,0.20,0.20,Matches
296,286,Anthony Jackson-Hamel,ca CAN,FW,Montreal,25,1993,16,6,623,3,0,0,0,0,0,0.43,0.00,0.43,0.43,0.43,1.8,1.8,0.6,0.27,0.09,0.36,0.27,0.36,Matches
297,287,Modou Jadama,us USA,DF,Portland,24,1994,1,1,90,0,0,0,0,0,0,0.00,0.00,0.00,0.00,0.00,0.0,0.0,0.0,0.00,0.00,0.00,0.00,0.00,Matches
298,288,Dejan Jakovic,ca CAN,DF,Los Angeles FC,33,1985,3,2,181,0,0,0,0,1,0,0.00,0.00,0.00,0.00,0.00,0.0,0.0,0.0,0.00,0.01,0.01,0.00,0.01,Matches
299,289,Robin Jansson,se SWE,DF,Orlando City,27,1991,28,28,2420,0,0,0,0,6,1,0.00,0.00,0.00,0.00,0.00,0.8,0.8,0.0,0.03,0.00,0.03,0.03,0.03,Matches
300,290,Leonardo Jara,ar ARG,DF,D.C. United,27,1991,30,25,2290,1,5,0,0,5,0,0.04,0.20,0.24,0.04,0.24,1.5,1.5,2.4,0.06,0.09,0.15,0.06,0.15,Matches
301,291,Hector Jiménez,us USA,DF,Columbus,30,1988,23,19,1619,1,2,0,0,1,0,0.06,0.11,0.17,0.06,0.17,0.6,0.6,1.6,0.03,0.09,0.12,0.03,0.12,Matches
302,292,Sam Johnson,lr LBR,FW,Real Salt Lake,25,1993,24,15,1299,9,0,0,0,1,0,0.62,0.00,0.62,0.62,0.62,4.5,4.5,0.3,0.31,0.02,0.33,0.31,0.33,Matches
303,293,Sean Johnson,us USA,GK,NYCFC,29,1989,29,29,2610,0,0,0,0,5,0,0.00,0.00,0.00,0.00,0.00,0.0,0.0,0.0,0.00,0.00,0.00,0.00,0.00,Matches
304,294,Will Johnson,ca CAN,MF,Orlando City,32,1987,21,20,1692,1,1,0,0,2,0,0.05,0.05,0.11,0.05,0.11,1.9,1.8,0.4,0.10,0.02,0.12,0.09,0.12,Matches
305,295,DeJuan Jones,us USA,"DF,MF",New England,21,1997,20,14,1297,1,0,0,0,0,0,0.07,0.00,0.07,0.07,0.07,1.5,0.8,0.8,0.10,0.05,0.15,0.05,0.10,Matches
306,296,Derrick Jones,us USA,MF,Philadelphia,21,1997,2,0,58,0,0,0,0,0,0,0.00,0.00,0.00,0.00,0.00,0.0,0.0,0.0,0.00,0.00,0.00,0.00,0.00,Matches
307,297,Joevin Jones,tt TRI,"FW,DF",Seattle,27,1991,17,9,923,0,2,0,0,2,0,0.00,0.20,0.20,0.00,0.20,0.4,0.4,1.7,0.04,0.16,0.20,0.04,0.20,Matches
308,298,Judson,br BRA,MF,San Jose,25,1993,27,23,1909,1,0,0,0,10,0,0.05,0.00,0.05,0.05,0.05,0.8,0.8,0.5,0.04,0.02,0.06,0.04,0.06,Matches
309,299,Florian Jungwirth,de GER,DF,San Jose,30,1989,30,30,2670,0,1,0,0,4,0,0.00,0.03,0.03,0.00,0.03,1.1,1.1,0.1,0.04,0.00,0.04,0.04,0.04,Matches
310,300,Vitor Junior,br BRA,DF,LA Galaxy,30,1989,2,0,9,0,0,0,0,0,0,0.00,0.00,0.00,0.00,0.00,0.0,0.0,0.0,0.00,0.00,0.00,0.00,0.00,Matches
311,Rk,Player,Nation,Pos,Squad,Age,Born,MP,Starts,Min,Gls,Ast,PK,PKatt,CrdY,CrdR,Gls,Ast,G+A,G-PK,G+A-PK,xG,npxG,xA,xG,xA,xG+xA,npxG,npxG+xA,Matches
312,301,Mathias Jørgensen,dk DEN,"FW,MF",NY Red Bulls,18,2000,5,1,120,0,0,0,0,1,0,0.00,0.00,0.00,0.00,0.00,0.2,0.2,0.0,0.12,0.00,0.12,0.12,0.12,Matches
313,302,Kaku,py PAR,MF,NY Red Bulls,24,1995,26,21,1924,5,4,0,0,0,2,0.23,0.19,0.42,0.23,0.42,3.7,3.7,6.6,0.17,0.31,0.48,0.17,0.48,Matches
314,303,Brent Kallman,us USA,DF,Minnesota,28,1990,16,14,1283,0,1,0,0,2,0,0.00,0.07,0.07,0.00,0.07,0.1,0.1,0.4,0.01,0.03,0.04,0.01,0.04,Matches
315,304,Kei Kamara,sl SLE,FW,Colorado,34,1984,29,29,2539,14,1,4,7,5,1,0.50,0.04,0.53,0.35,0.39,16.5,11.2,2.3,0.59,0.08,0.67,0.40,0.48,Matches
316,305,Ola Kamara,no NOR,FW,D.C. United,29,1989,5,3,256,3,0,0,0,0,0,1.05,0.00,1.05,1.05,1.05,1.3,1.3,0.2,0.47,0.08,0.56,0.47,0.56,Matches
317,306,Johan Kappelhof,nl NED,DF,Chicago,28,1990,29,29,2560,0,1,0,0,5,0,0.00,0.04,0.04,0.00,0.04,0.5,0.5,0.5,0.02,0.02,0.04,0.02,0.04,Matches
318,307,Guram Kashia,ge GEO,DF,San Jose,31,1987,23,21,1907,0,0,0,0,2,0,0.00,0.00,0.00,0.00,0.00,1.4,1.4,0.2,0.06,0.01,0.07,0.06,0.07,Matches
319,308,Aleksandar Katai,rs SRB,"FW,MF",Chicago,27,1991,29,24,2100,6,6,0,0,3,1,0.26,0.26,0.51,0.26,0.51,5.4,5.4,8.5,0.23,0.36,0.59,0.23,0.59,Matches
320,309,Mark-Anthony Kaye,ca CAN,MF,Los Angeles FC,24,1994,31,27,2499,4,8,0,0,7,0,0.14,0.29,0.43,0.14,0.43,2.8,2.8,6.1,0.10,0.22,0.32,0.10,0.32,Matches
321,310,Kim Kee-hee,kr KOR,DF,Seattle,29,1989,30,30,2603,0,1,0,0,6,0,0.00,0.03,0.03,0.00,0.03,1.8,1.8,0.5,0.06,0.02,0.08,0.06,0.08,Matches
322,311,Aboubacar Keita,us USA,DF,Columbus,18,2000,10,8,802,0,0,0,0,0,0,0.00,0.00,0.00,0.00,0.00,0.1,0.1,0.0,0.02,0.00,0.02,0.02,0.02,Matches
323,312,Jon Kempin,us USA,GK,Columbus,25,1993,3,3,270,0,0,0,0,0,0,0.00,0.00,0.00,0.00,0.00,0.0,0.0,0.0,0.00,0.00,0.00,0.00,0.00,Matches
324,313,Jasser Khemiri,tn TUN,DF,Vancouver,21,1997,1,1,90,0,0,0,0,0,0,0.00,0.00,0.00,0.00,0.00,0.0,0.0,0.0,0.01,0.00,0.01,0.01,0.01,Matches
325,314,Daniel Kinumbe,ca CAN,DF,Montreal,19,1999,1,1,66,0,0,0,0,0,0,0.00,0.00,0.00,0.00,0.00,0.0,0.0,0.0,0.00,0.00,0.00,0.00,0.00,Matches
326,315,Perry Kitchen,us USA,MF,LA Galaxy,26,1992,8,6,573,0,0,0,0,0,0,0.00,0.00,0.00,0.00,0.00,0.0,0.0,0.4,0.00,0.06,0.06,0.00,0.06,Matches
327,316,Sacha Kljestan,us USA,"MF,FW",Orlando City,33,1985,23,13,1359,1,3,0,0,3,1,0.07,0.20,0.26,0.07,0.26,2.1,2.1,2.0,0.14,0.13,0.27,0.14,0.27,Matches
328,317,Brad Knighton,us USA,GK,New England,33,1985,8,7,663,0,0,0,0,0,0,0.00,0.00,0.00,0.00,0.00,0.0,0.0,0.0,0.00,0.00,0.00,0.00,0.00,Matches
329,318,Kevin Kratz,de GER,MF,Atlanta,32,1987,1,0,1,0,0,0,0,0,0,0.00,0.00,0.00,0.00,0.00,0.0,0.0,0.0,0.00,0.00,0.00,0.00,0.00,Matches
330,319,Damir Kreilach,hr CRO,"MF,FW",Real Salt Lake,29,1989,32,32,2656,6,4,1,1,6,1,0.20,0.14,0.34,0.17,0.30,5.2,4.4,3.8,0.18,0.13,0.30,0.15,0.28,Matches
331,320,Bojan Krkić,es ESP,"MF,FW",Montreal,28,1990,8,7,606,3,0,0,0,0,0,0.45,0.00,0.45,0.45,0.45,2.1,2.1,0.6,0.31,0.09,0.40,0.31,0.40,Matches
332,321,Ken Krolicki,us USA,MF,Montreal,22,1996,10,5,528,0,0,0,0,2,0,0.00,0.00,0.00,0.00,0.00,0.1,0.1,0.2,0.02,0.04,0.06,0.02,0.06,Matches
333,322,Kenneth Kronholm,de GER,GK,Chicago,33,1985,20,20,1800,0,0,0,0,1,0,0.00,0.00,0.00,0.00,0.00,0.0,0.0,0.0,0.00,0.00,0.00,0.00,0.00,Matches
334,323,Connor Lade,us USA,DF,NY Red Bulls,29,1989,11,10,845,1,1,0,0,0,0,0.11,0.11,0.21,0.11,0.21,0.2,0.2,0.4,0.02,0.04,0.07,0.02,0.07,Matches
335,324,Roland Lamah,be BEL,"MF,FW",FC Cincinnati,31,1987,28,22,1778,1,3,0,0,0,1,0.05,0.15,0.20,0.05,0.20,2.3,2.3,2.2,0.12,0.11,0.23,0.12,0.23,Matches
336,325,Matt Lampson,us USA,GK,LA Galaxy,29,1989,1,1,90,0,0,0,0,0,0,0.00,0.00,0.00,0.00,0.00,0.0,0.0,0.0,0.00,0.00,0.00,0.00,0.00,Matches
337,Rk,Player,Nation,Pos,Squad,Age,Born,MP,Starts,Min,Gls,Ast,PK,PKatt,CrdY,CrdR,Gls,Ast,G+A,G-PK,G+A-PK,xG,npxG,xA,xG,xA,xG+xA,npxG,npxG+xA,Matches
338,326,Foster Langsdorf,us USA,FW,Portland,23,1995,2,0,26,0,0,0,0,0,0,0.00,0.00,0.00,0.00,0.00,0.0,0.0,0.0,0.00,0.00,0.00,0.00,0.00,Matches
339,327,Lassi Lappalainen,fi FIN,"MF,FW",Montreal,20,1998,11,8,682,5,0,0,0,0,0,0.66,0.00,0.66,0.66,0.66,3.0,3.0,0.1,0.39,0.02,0.41,0.39,0.41,Matches
340,328,Jeff Larentowicz,us USA,MF,Atlanta,35,1983,27,15,1473,0,0,0,0,4,0,0.00,0.00,0.00,0.00,0.00,0.4,0.4,0.2,0.02,0.01,0.03,0.02,0.03,Matches
341,329,Richie Laryea,ca CAN,DF,Toronto FC,24,1995,20,16,1466,1,2,0,0,6,0,0.06,0.12,0.18,0.06,0.18,1.3,1.3,1.7,0.08,0.11,0.19,0.08,0.19,Matches
342,330,Forrest Lasso,us USA,DF,FC Cincinnati,25,1993,5,4,394,0,0,0,0,2,0,0.00,0.00,0.00,0.00,0.00,0.0,0.0,0.0,0.01,0.00,0.01,0.01,0.01,Matches
343,331,Kemar Lawrence,jm JAM,DF,NY Red Bulls,26,1992,22,19,1729,1,0,0,0,5,0,0.05,0.00,0.05,0.05,0.05,0.8,0.8,0.7,0.04,0.04,0.08,0.04,0.08,Matches
344,332,Emmanuel Ledesma,ar ARG,"FW,MF",FC Cincinnati,30,1988,26,20,1764,6,4,3,4,4,0,0.31,0.20,0.51,0.15,0.36,5.2,2.2,3.1,0.27,0.16,0.43,0.11,0.27,Matches
345,333,Kelvin Leerdam,nl NED,DF,Seattle,28,1990,29,27,2407,5,2,0,0,7,1,0.19,0.07,0.26,0.19,0.26,2.3,2.3,2.2,0.09,0.08,0.17,0.09,0.17,Matches
346,334,Brooks Lennon,us USA,"DF,FW",Real Salt Lake,21,1997,28,16,1547,0,1,0,0,3,0,0.00,0.06,0.06,0.00,0.06,1.0,1.0,1.4,0.06,0.08,0.14,0.06,0.14,Matches
347,335,Brett Levis,ca CAN,"DF,FW",Vancouver,25,1993,9,3,334,0,0,0,0,1,0,0.00,0.00,0.00,0.00,0.00,0.1,0.1,0.6,0.02,0.16,0.17,0.02,0.17,Matches
348,336,Jonathan Lewis,us USA,"MF,FW",NYCFC,21,1997,6,2,216,0,1,0,0,1,0,0.00,0.42,0.42,0.00,0.42,0.0,0.0,0.1,0.02,0.03,0.05,0.02,0.05,Matches
349,337,Jonathan Lewis,us USA,"FW,MF",Colorado,21,1997,16,10,898,5,3,0,0,2,0,0.50,0.30,0.80,0.50,0.80,2.0,2.0,1.9,0.20,0.19,0.39,0.20,0.39,Matches
350,338,Danny Leyva,us USA,MF,Seattle,15,2003,6,4,414,0,0,0,0,1,0,0.00,0.00,0.00,0.00,0.00,0.1,0.1,0.0,0.02,0.01,0.03,0.02,0.03,Matches
351,339,Grant Lillard,us USA,DF,Chicago,23,1995,4,2,206,0,0,0,0,0,0,0.00,0.00,0.00,0.00,0.00,0.1,0.1,0.0,0.04,0.00,0.04,0.04,0.04,Matches
352,340,Nick Lima,us USA,DF,San Jose,24,1994,24,21,1808,1,2,0,0,4,0,0.05,0.10,0.15,0.05,0.15,0.5,0.5,1.4,0.03,0.07,0.10,0.03,0.10,Matches
353,341,Jaylin Lindsey,us USA,DF,Sporting KC,18,2000,1,1,90,0,0,0,0,0,0,0.00,0.00,0.00,0.00,0.00,0.0,0.0,0.0,0.00,0.00,0.00,0.00,0.00,Matches
354,342,Sebastian Lletget,us USA,"MF,FW",LA Galaxy,26,1992,29,27,2314,3,5,0,0,4,0,0.12,0.19,0.31,0.12,0.31,2.4,2.4,3.3,0.09,0.13,0.22,0.09,0.22,Matches
355,343,Robin Lod,fi FIN,"FW,MF",Minnesota,25,1993,10,6,582,0,0,0,0,0,0,0.00,0.00,0.00,0.00,0.00,1.3,1.3,0.3,0.21,0.04,0.25,0.21,0.25,Matches
356,344,Nicolás Lodeiro,uy URU,MF,Seattle,29,1989,28,28,2498,7,7,2,2,7,0,0.25,0.25,0.50,0.18,0.43,6.2,4.7,9.9,0.22,0.36,0.58,0.17,0.52,Matches
357,345,Aaron Long,us USA,DF,NY Red Bulls,26,1992,24,24,2115,2,0,0,0,3,0,0.09,0.00,0.09,0.09,0.09,1.5,1.5,0.5,0.06,0.02,0.09,0.06,0.09,Matches
358,346,Marcos López,pe PER,DF,San Jose,19,1999,18,15,1162,0,0,0,0,7,1,0.00,0.00,0.00,0.00,0.00,0.7,0.7,1.5,0.05,0.11,0.17,0.05,0.17,Matches
359,347,Marvin Loría,cr CRC,FW,Portland,21,1997,19,8,705,2,0,0,0,3,0,0.26,0.00,0.26,0.26,0.26,1.1,1.1,0.9,0.15,0.12,0.26,0.15,0.26,Matches
360,348,Daniel Lovitz,us USA,DF,Montreal,27,1991,28,28,2520,0,1,0,0,5,0,0.00,0.04,0.04,0.00,0.04,0.5,0.5,2.0,0.02,0.07,0.09,0.02,0.09,Matches
361,349,Jorge Luis Corrales,cu CUB,DF,Montreal,27,1991,4,1,101,0,1,0,0,0,0,0.00,0.89,0.89,0.00,0.89,0.0,0.0,0.1,0.00,0.10,0.10,0.00,0.10,Matches
362,350,Jorge Luis Corrales,cu CUB,DF,Chicago,27,1991,15,13,1034,0,0,0,0,4,1,0.00,0.00,0.00,0.00,0.00,0.0,0.0,0.5,0.00,0.04,0.04,0.00,0.04,Matches
363,Rk,Player,Nation,Pos,Squad,Age,Born,MP,Starts,Min,Gls,Ast,PK,PKatt,CrdY,CrdR,Gls,Ast,G+A,G-PK,G+A-PK,xG,npxG,xA,xG,xA,xG+xA,npxG,npxG+xA,Matches
364,351,Everton Luiz,br BRA,MF,Real Salt Lake,30,1988,27,24,2107,0,2,0,0,8,0,0.00,0.09,0.09,0.00,0.09,0.7,0.7,1.0,0.03,0.04,0.07,0.03,0.07,Matches
365,352,Adam Lundqvist,se SWE,DF,Houston,24,1994,28,26,2388,0,3,0,0,4,0,0.00,0.11,0.11,0.00,0.11,0.2,0.2,4.4,0.01,0.17,0.17,0.01,0.17,Matches
366,353,Larrys Mabiala,cd COD,DF,Portland,31,1987,22,22,1901,2,0,0,0,7,1,0.09,0.00,0.09,0.09,0.09,1.7,1.7,0.1,0.08,0.00,0.08,0.08,0.08,Matches
367,354,Gary Mackay-Steven,sco SCO,"FW,MF",NYCFC,28,1990,12,5,527,1,1,0,0,0,0,0.17,0.17,0.34,0.17,0.34,1.7,1.7,1.0,0.30,0.18,0.47,0.30,0.47,Matches
368,355,Zac MacMath,us USA,GK,Vancouver,27,1991,8,8,720,0,0,0,0,3,0,0.00,0.00,0.00,0.00,0.00,0.0,0.0,0.0,0.00,0.00,0.00,0.00,0.00,Matches
369,356,Connor Maloney,us USA,DF,Columbus,23,1995,10,9,795,0,0,0,0,1,0,0.00,0.00,0.00,0.00,0.00,0.1,0.1,0.1,0.01,0.01,0.03,0.01,0.03,Matches
370,357,Michael Mancienne,eng ENG,DF,New England,31,1988,16,13,1191,1,0,0,0,5,1,0.08,0.00,0.08,0.08,0.08,0.3,0.3,0.0,0.02,0.00,0.02,0.02,0.02,Matches
371,358,Carter Manley,us USA,DF,Minnesota,22,1996,1,1,90,0,0,0,0,0,0,0.00,0.00,0.00,0.00,0.00,0.0,0.0,0.0,0.00,0.00,0.00,0.00,0.00,Matches
372,359,Kekuta Manneh,us USA,"FW,MF",FC Cincinnati,24,1994,27,15,1499,4,3,0,0,0,1,0.24,0.18,0.42,0.24,0.42,2.8,2.8,2.2,0.17,0.13,0.30,0.17,0.30,Matches
373,360,Vito Mannone,it ITA,GK,Minnesota,30,1988,34,34,3060,0,0,0,0,0,0,0.00,0.00,0.00,0.00,0.00,0.0,0.0,0.2,0.00,0.01,0.01,0.00,0.01,Matches
374,361,Mauro Manotas,co COL,FW,Houston,23,1995,32,28,2530,13,7,1,2,1,0,0.46,0.25,0.71,0.43,0.68,14.5,13.0,5.7,0.52,0.20,0.72,0.46,0.66,Matches
375,362,Paul Marie,fr FRA,DF,San Jose,23,1995,9,3,349,0,1,0,0,1,0,0.00,0.26,0.26,0.00,0.26,0.4,0.4,0.4,0.12,0.10,0.22,0.12,0.22,Matches
376,363,Chad Marshall,us USA,DF,Seattle,34,1984,8,8,720,0,0,0,0,0,0,0.00,0.00,0.00,0.00,0.00,0.3,0.3,0.6,0.04,0.08,0.11,0.04,0.11,Matches
377,364,Collin Martin,us USA,MF,Minnesota,24,1994,3,2,184,0,1,0,0,0,0,0.00,0.49,0.49,0.00,0.49,0.0,0.0,0.4,0.01,0.20,0.21,0.01,0.21,Matches
378,365,Cristian Martínez,pa PAN,"MF,FW",Chicago,21,1997,5,0,55,0,0,0,0,0,0,0.00,0.00,0.00,0.00,0.00,0.1,0.1,0.0,0.16,0.06,0.22,0.16,0.22,Matches
379,366,Douglas Martinez,hn HON,FW,Real Salt Lake,21,1997,1,1,63,0,0,0,0,0,0,0.00,0.00,0.00,0.00,0.00,0.0,0.0,0.0,0.07,0.00,0.07,0.07,0.07,Matches
380,367,Josef Martínez,ve VEN,FW,Atlanta,25,1993,29,29,2578,27,3,5,6,1,0,0.94,0.10,1.05,0.77,0.87,23.3,18.9,3.0,0.81,0.11,0.92,0.66,0.76,Matches
381,368,Tomás Martínez,ar ARG,"MF,FW",Houston,23,1995,33,30,2313,5,2,0,0,2,0,0.19,0.08,0.27,0.19,0.27,3.4,3.4,2.7,0.13,0.10,0.24,0.13,0.24,Matches
382,369,Luís Martins,pt POR,DF,Sporting KC,26,1992,10,9,830,0,0,0,0,2,0,0.00,0.00,0.00,0.00,0.00,0.2,0.2,0.6,0.02,0.06,0.08,0.02,0.08,Matches
383,370,Rónald Matarrita,cr CRC,DF,NYCFC,24,1994,24,24,1973,1,1,0,0,7,1,0.05,0.05,0.09,0.05,0.09,1.5,1.5,2.6,0.07,0.12,0.19,0.07,0.19,Matches
384,371,Darren Mattocks,jm JAM,FW,FC Cincinnati,28,1990,21,13,1273,3,3,1,1,0,0,0.21,0.21,0.42,0.14,0.35,3.6,2.8,2.5,0.25,0.18,0.43,0.20,0.38,Matches
385,372,Jimmy Maurer,us USA,GK,FC Dallas,30,1988,2,2,180,0,0,0,0,0,0,0.00,0.00,0.00,0.00,0.00,0.0,0.0,0.0,0.00,0.00,0.00,0.00,0.00,Matches
386,373,Chris Mavinga,cd COD,DF,Toronto FC,27,1991,26,24,2112,0,1,0,0,5,0,0.00,0.04,0.04,0.00,0.04,0.1,0.1,0.2,0.00,0.01,0.01,0.00,0.01,Matches
387,374,Olivier Mbaissidara,cm CMR,DF,Philadelphia,21,1997,3,2,196,0,1,0,0,0,0,0.00,0.46,0.46,0.00,0.46,0.1,0.1,0.4,0.05,0.16,0.21,0.05,0.21,Matches
388,375,Thomas McCabe,us USA,MF,FC Cincinnati,20,1998,6,2,247,0,0,0,0,0,0,0.00,0.00,0.00,0.00,0.00,0.1,0.1,0.0,0.03,0.00,0.03,0.03,0.03,Matches
389,Rk,Player,Nation,Pos,Squad,Age,Born,MP,Starts,Min,Gls,Ast,PK,PKatt,CrdY,CrdR,Gls,Ast,G+A,G-PK,G+A-PK,xG,npxG,xA,xG,xA,xG+xA,npxG,npxG+xA,Matches
390,376,Chris McCann,ie IRL,"DF,MF",D.C. United,31,1987,6,4,318,0,0,0,0,0,0,0.00,0.00,0.00,0.00,0.00,0.0,0.0,0.0,0.00,0.00,0.00,0.00,0.00,Matches
391,377,Dax McCarty,us USA,MF,Chicago,31,1987,32,32,2846,1,2,0,0,4,0,0.03,0.06,0.09,0.03,0.09,2.2,2.2,1.6,0.07,0.05,0.12,0.07,0.12,Matches
392,378,Brendan McDonough,us USA,DF,Vancouver,22,1996,1,1,65,0,0,0,0,0,0,0.00,0.00,0.00,0.00,0.00,0.0,0.0,0.0,0.00,0.00,0.00,0.00,0.00,Matches
393,379,Mark McKenzie,us USA,DF,Philadelphia,19,1999,7,6,537,0,0,0,0,0,0,0.00,0.00,0.00,0.00,0.00,0.1,0.1,0.0,0.01,0.00,0.01,0.01,0.01,Matches
394,380,Thomas McNamara,us USA,"MF,FW",Houston,27,1991,33,15,1540,2,3,0,0,3,0,0.12,0.18,0.29,0.12,0.29,2.2,2.2,1.7,0.13,0.10,0.22,0.13,0.22,Matches
395,381,Ryan Meara,us USA,GK,NY Red Bulls,28,1990,1,1,90,0,0,0,0,0,0,0.00,0.00,0.00,0.00,0.00,0.0,0.0,0.0,0.00,0.00,0.00,0.00,0.00,Matches
396,382,Jesús Medina,py PAR,"MF,FW",NYCFC,21,1997,18,6,734,3,1,1,1,1,0,0.37,0.12,0.49,0.25,0.37,3.6,2.9,1.0,0.45,0.12,0.57,0.35,0.47,Matches
397,383,Jimmy Medranda,co COL,"FW,MF",Sporting KC,24,1994,10,2,183,0,1,0,0,1,0,0.00,0.49,0.49,0.00,0.49,0.3,0.3,0.2,0.15,0.10,0.24,0.15,0.24,Matches
398,384,Haris Medunjanin,ba BIH,MF,Philadelphia,33,1985,34,34,3060,1,4,0,0,6,0,0.03,0.12,0.15,0.03,0.15,1.2,1.2,5.7,0.03,0.17,0.20,0.03,0.20,Matches
399,385,Lucas Melano,ar ARG,FW,Portland,25,1993,8,1,127,0,0,0,0,1,0,0.00,0.00,0.00,0.00,0.00,0.3,0.3,0.1,0.23,0.07,0.30,0.23,0.30,Matches
400,386,Tim Melia,us USA,GK,Sporting KC,32,1986,32,32,2880,0,0,0,0,3,0,0.00,0.00,0.00,0.00,0.00,0.0,0.0,0.0,0.00,0.00,0.00,0.00,0.00,Matches
401,387,Jhegson Méndez,ec ECU,MF,Orlando City,21,1997,22,20,1787,0,0,0,0,7,0,0.00,0.00,0.00,0.00,0.00,0.6,0.6,0.2,0.03,0.01,0.04,0.03,0.04,Matches
402,388,Jonathan Mensah,gh GHA,DF,Columbus,28,1990,24,23,2152,0,0,0,0,7,0,0.00,0.00,0.00,0.00,0.00,0.6,0.6,0.0,0.03,0.00,0.03,0.03,0.03,Matches
403,389,Justin Meram,iq IRQ,"DF,FW",Atlanta,30,1988,20,14,1265,4,0,0,0,3,0,0.28,0.00,0.28,0.28,0.28,2.1,2.1,2.5,0.15,0.18,0.33,0.15,0.33,Matches
404,390,Justin Meram,iq IRQ,FW,Columbus,30,1988,9,4,380,0,0,0,0,0,0,0.00,0.00,0.00,0.00,0.00,0.5,0.5,0.1,0.12,0.02,0.14,0.12,0.14,Matches
405,391,Romain Métanire,mg MAD,DF,Minnesota,28,1990,27,27,2430,1,4,0,0,5,0,0.04,0.15,0.19,0.04,0.19,0.3,0.3,3.5,0.01,0.13,0.14,0.01,0.14,Matches
406,392,Nicolás Mezquida,uy URU,"MF,FW",Colorado,27,1992,32,11,1418,4,3,1,1,4,0,0.25,0.19,0.44,0.19,0.38,4.3,3.5,3.4,0.27,0.22,0.49,0.22,0.44,Matches
407,393,Benji Michel,ht HAI,"FW,MF",Orlando City,21,1997,17,9,947,5,1,0,0,0,0,0.48,0.10,0.57,0.48,0.57,2.9,2.9,0.4,0.27,0.04,0.31,0.27,0.31,Matches
408,394,Djordje Mihailovic,us USA,MF,Chicago,20,1998,27,16,1450,3,1,0,0,4,0,0.19,0.06,0.25,0.19,0.25,1.9,1.9,2.4,0.13,0.16,0.28,0.13,0.28,Matches
409,395,Eric Miller,us USA,DF,NYCFC,26,1993,5,4,328,0,0,0,0,2,0,0.00,0.00,0.00,0.00,0.00,0.2,0.2,0.0,0.06,0.00,0.06,0.06,0.06,Matches
410,396,Eric Miller,us USA,DF,Minnesota,26,1993,6,5,435,0,0,0,0,0,0,0.00,0.00,0.00,0.00,0.00,0.3,0.3,0.0,0.05,0.01,0.06,0.05,0.06,Matches
411,397,Kamal Miller,ca CAN,DF,Orlando City,21,1997,16,14,1350,0,0,0,0,1,0,0.00,0.00,0.00,0.00,0.00,0.0,0.0,0.2,0.00,0.01,0.01,0.00,0.01,Matches
412,398,Tyler Miller,us USA,GK,Los Angeles FC,25,1993,28,28,2520,0,0,0,0,1,0,0.00,0.00,0.00,0.00,0.00,0.0,0.0,0.0,0.00,0.00,0.00,0.00,0.00,Matches
413,399,Alexandru Mitriță,ro ROU,"FW,MF",NYCFC,23,1995,29,24,2127,12,2,0,0,2,0,0.51,0.08,0.59,0.51,0.59,7.7,7.7,3.5,0.33,0.15,0.47,0.33,0.47,Matches
414,400,Wilfried Moimbé,fr FRA,"DF,FW",Minnesota,30,1988,4,4,335,0,0,0,0,0,0,0.00,0.00,0.00,0.00,0.00,0.0,0.0,0.1,0.01,0.02,0.02,0.01,0.02,Matches
415,Rk,Player,Nation,Pos,Squad,Age,Born,MP,Starts,Min,Gls,Ast,PK,PKatt,CrdY,CrdR,Gls,Ast,G+A,G-PK,G+A-PK,xG,npxG,xA,xG,xA,xG+xA,npxG,npxG+xA,Matches
416,401,Youness Mokhtar,ma MAR,FW,Columbus,27,1991,8,5,440,1,0,0,0,1,0,0.20,0.00,0.20,0.20,0.20,1.0,1.0,1.5,0.21,0.30,0.51,0.21,0.51,Matches
417,402,Kevin Molino,tt TRI,"FW,MF",Minnesota,28,1990,17,11,907,3,4,0,0,1,0,0.30,0.40,0.69,0.30,0.69,4.0,4.0,3.0,0.40,0.30,0.70,0.40,0.70,Matches
418,403,Mohamed El Monir,ly LBY,DF,Los Angeles FC,26,1992,15,4,590,1,0,0,0,2,0,0.15,0.00,0.15,0.15,0.15,0.6,0.6,1.4,0.09,0.21,0.30,0.09,0.30,Matches
419,404,Jamiro Monteiro,cv CPV,MF,Philadelphia,25,1993,26,22,2049,4,7,2,3,3,0,0.18,0.31,0.48,0.09,0.40,5.6,3.3,4.7,0.24,0.20,0.45,0.14,0.35,Matches
420,405,Fredy Montero,co COL,"FW,MF",Vancouver,31,1987,32,22,2096,8,2,4,4,1,1,0.34,0.09,0.43,0.17,0.26,7.5,4.5,2.3,0.32,0.10,0.42,0.19,0.29,Matches
421,406,Drew Moor,us USA,DF,Toronto FC,35,1984,13,11,1024,0,0,0,0,2,0,0.00,0.00,0.00,0.00,0.00,0.1,0.1,0.0,0.01,0.00,0.01,0.01,0.01,Matches
422,407,Joseph Mora,cr CRC,DF,D.C. United,26,1993,20,18,1594,0,1,0,0,3,0,0.00,0.06,0.06,0.00,0.06,0.1,0.1,1.4,0.01,0.08,0.09,0.01,0.09,Matches
423,408,Maximiliano Moralez,ar ARG,"MF,FW",NYCFC,31,1987,29,28,2431,7,12,4,8,7,0,0.26,0.44,0.70,0.11,0.56,9.2,3.9,8.9,0.35,0.34,0.70,0.15,0.49,Matches
424,409,Jorge Moreira,py PAR,DF,Portland,28,1990,26,25,2231,2,2,0,0,7,0,0.08,0.08,0.16,0.08,0.16,1.3,1.3,2.4,0.05,0.10,0.15,0.05,0.15,Matches
425,410,Amando Moreno,us USA,"FW,MF",Chicago,23,1995,7,0,82,0,0,0,0,0,0,0.00,0.00,0.00,0.00,0.00,0.9,0.9,0.5,1.61,0.90,2.51,1.61,2.51,Matches
426,411,Junior Moreno,ve VEN,MF,D.C. United,25,1993,29,29,2549,0,2,0,0,3,1,0.00,0.07,0.07,0.00,0.07,0.6,0.6,2.1,0.02,0.07,0.10,0.02,0.10,Matches
427,412,Ashtone Morgan,ca CAN,"DF,MF",Toronto FC,27,1991,9,3,313,1,0,0,0,1,0,0.29,0.00,0.29,0.29,0.29,0.4,0.4,0.0,0.12,0.00,0.12,0.12,0.12,Matches
428,413,Jordan Morris,us USA,FW,Seattle,24,1994,26,24,2036,10,6,0,0,2,0,0.44,0.27,0.71,0.44,0.71,8.3,8.3,4.1,0.37,0.18,0.55,0.37,0.55,Matches
429,414,Justin Morrow,us USA,DF,Toronto FC,31,1987,28,26,2348,1,3,0,0,2,1,0.04,0.11,0.15,0.04,0.15,1.3,1.3,2.5,0.05,0.09,0.14,0.05,0.14,Matches
430,415,João Moutinho,pt POR,DF,Orlando City,21,1998,16,15,1220,0,2,0,0,1,0,0.00,0.15,0.15,0.00,0.15,0.6,0.6,1.4,0.05,0.10,0.15,0.05,0.15,Matches
431,416,Christopher Mueller,us USA,"FW,MF",Orlando City,22,1996,29,16,1370,5,3,0,0,1,0,0.33,0.20,0.53,0.33,0.53,2.1,2.1,3.6,0.14,0.23,0.37,0.14,0.37,Matches
432,417,Georges Mukumbilwa,ca CAN,MF,Vancouver,19,1999,1,0,10,0,0,0,0,0,0,0.00,0.00,0.00,0.00,0.00,0.0,0.0,0.0,0.00,0.00,0.00,0.00,0.00,Matches
433,418,Luke Mulholland,eng ENG,MF,Real Salt Lake,30,1988,1,0,20,0,0,0,0,0,0,0.00,0.00,0.00,0.00,0.00,0.0,0.0,0.0,0.00,0.00,0.00,0.00,0.00,Matches
434,419,Patrick Mullins,us USA,FW,Toronto FC,26,1992,8,4,348,2,0,0,0,0,0,0.52,0.00,0.52,0.52,0.52,1.1,1.1,0.3,0.28,0.07,0.34,0.28,0.34,Matches
435,420,Patrick Mullins,us USA,"FW,MF",Columbus,26,1992,9,2,202,0,0,0,0,0,0,0.00,0.00,0.00,0.00,0.00,0.3,0.3,0.1,0.14,0.05,0.18,0.14,0.18,Matches
436,421,Alex Muyl,us USA,"FW,DF",NY Red Bulls,23,1995,24,17,1398,3,2,0,0,4,0,0.19,0.13,0.32,0.19,0.32,2.8,2.8,2.5,0.18,0.16,0.34,0.18,0.34,Matches
437,422,Darlington Nagbe,us USA,MF,Atlanta,28,1990,33,32,2822,2,4,0,0,2,0,0.06,0.13,0.19,0.06,0.19,1.1,1.1,3.6,0.04,0.12,0.15,0.04,0.15,Matches
438,423,Nani,pt POR,"FW,MF",Orlando City,32,1986,30,26,2273,12,5,3,5,4,0,0.48,0.20,0.67,0.36,0.55,7.9,4.0,6.7,0.31,0.27,0.58,0.16,0.42,Matches
439,424,Sean Nealis,us USA,DF,NY Red Bulls,22,1997,9,3,457,1,0,0,0,1,0,0.20,0.00,0.20,0.20,0.20,0.2,0.2,0.0,0.04,0.00,0.04,0.04,0.04,Matches
440,425,John Nelson,us USA,DF,FC Dallas,20,1998,9,4,455,0,0,0,0,0,0,0.00,0.00,0.00,0.00,0.00,0.1,0.1,0.3,0.02,0.07,0.09,0.02,0.09,Matches
441,Rk,Player,Nation,Pos,Squad,Age,Born,MP,Starts,Min,Gls,Ast,PK,PKatt,CrdY,CrdR,Gls,Ast,G+A,G-PK,G+A-PK,xG,npxG,xA,xG,xA,xG+xA,npxG,npxG+xA,Matches
442,426,Krisztián Németh,hu HUN,FW,Sporting KC,30,1989,24,18,1559,8,2,0,1,5,1,0.46,0.12,0.58,0.46,0.58,10.1,9.4,2.1,0.58,0.12,0.71,0.54,0.66,Matches
443,427,Jake Nerwinski,us USA,DF,Vancouver,24,1994,26,24,2021,1,0,0,0,1,0,0.04,0.00,0.04,0.04,0.04,0.3,0.3,0.5,0.01,0.02,0.03,0.01,0.03,Matches
444,428,Michee Ngalina,cd COD,"FW,MF",Philadelphia,18,2000,1,0,10,0,0,0,0,0,0,0.00,0.00,0.00,0.00,0.00,0.0,0.0,0.0,0.00,0.00,0.00,0.00,0.00,Matches
445,429,Lee Nguyen,us USA,MF,Los Angeles FC,32,1986,23,11,1178,0,4,0,0,3,0,0.00,0.31,0.31,0.00,0.31,1.1,1.1,3.2,0.08,0.24,0.32,0.08,0.32,Matches
446,430,Sam Nicholson,sco SCO,"FW,MF",Colorado,24,1995,27,19,1770,2,3,0,0,2,0,0.10,0.15,0.25,0.10,0.25,3.8,3.8,2.6,0.19,0.13,0.33,0.19,0.33,Matches
447,431,Gonzalo Nicolás Martínez,ar ARG,"FW,MF",Atlanta,25,1993,32,26,2140,5,7,2,3,2,0,0.21,0.29,0.50,0.13,0.42,7.9,5.6,6.1,0.33,0.26,0.59,0.24,0.49,Matches
448,432,Nemanja Nikolić,hu HUN,FW,Chicago,31,1987,31,25,1991,12,0,2,2,3,0,0.54,0.00,0.54,0.45,0.45,12.4,10.9,2.4,0.58,0.11,0.70,0.51,0.62,Matches
449,433,Harry Novillo,fr FRA,FW,Montreal,26,1992,11,5,441,1,2,0,0,1,0,0.20,0.41,0.61,0.20,0.61,0.4,0.4,0.6,0.09,0.12,0.20,0.09,0.20,Matches
450,434,Shane O'Neill,us USA,DF,Orlando City,25,1993,11,8,839,0,0,0,0,2,0,0.00,0.00,0.00,0.00,0.00,0.1,0.1,0.5,0.01,0.06,0.07,0.01,0.07,Matches
451,435,Alfonso Ocampo-Chavez,us USA,FW,Seattle,16,2002,3,1,82,0,0,0,0,0,0,0.00,0.00,0.00,0.00,0.00,0.1,0.1,0.1,0.10,0.11,0.21,0.10,0.21,Matches
452,436,Chris Odoi-Atsem,us USA,DF,D.C. United,23,1995,3,1,135,0,0,0,0,0,0,0.00,0.00,0.00,0.00,0.00,0.0,0.0,0.0,0.00,0.00,0.00,0.00,0.00,Matches
453,437,Ebenezer Ofori,gh GHA,MF,NYCFC,23,1995,20,14,1261,2,0,0,0,2,0,0.14,0.00,0.14,0.14,0.14,0.4,0.4,0.3,0.03,0.03,0.06,0.03,0.06,Matches
454,438,Orji Okwonkwo,ng NGA,"FW,MF",Montreal,21,1998,28,24,1769,8,2,0,0,4,0,0.41,0.10,0.51,0.41,0.51,6.0,6.0,2.2,0.30,0.11,0.42,0.30,0.42,Matches
455,439,Lawrence Olum,ke KEN,MF,Minnesota,34,1984,10,5,547,0,1,0,0,0,0,0.00,0.16,0.16,0.00,0.16,0.5,0.5,0.1,0.08,0.01,0.09,0.08,0.09,Matches
456,440,Zdeněk Ondrášek,cz CZE,FW,FC Dallas,30,1988,18,8,751,7,2,0,0,2,0,0.84,0.24,1.08,0.84,1.08,4.5,4.5,1.2,0.54,0.14,0.69,0.54,0.69,Matches
457,441,Nedum Onuoha,eng ENG,DF,Real Salt Lake,32,1986,27,26,2336,1,0,0,0,2,0,0.04,0.00,0.04,0.04,0.04,0.6,0.6,0.3,0.02,0.01,0.04,0.02,0.04,Matches
458,442,Ike Opara,us USA,DF,Minnesota,29,1989,30,29,2566,3,1,0,0,4,0,0.11,0.04,0.14,0.11,0.14,2.1,2.1,1.0,0.07,0.03,0.11,0.07,0.11,Matches
459,443,Kofi Opare,ca CAN,DF,Colorado,28,1990,3,3,270,0,0,0,0,0,0,0.00,0.00,0.00,0.00,0.00,0.1,0.1,0.0,0.03,0.00,0.03,0.03,0.03,Matches
460,444,Jonathan Osorio,ca CAN,"MF,FW",Toronto FC,26,1992,24,18,1757,5,3,0,1,2,0,0.26,0.15,0.41,0.26,0.41,4.3,3.5,1.9,0.22,0.10,0.31,0.18,0.27,Matches
461,445,David Ousted,dk DEN,GK,Chicago,33,1985,14,14,1260,0,0,0,0,0,0,0.00,0.00,0.00,0.00,0.00,0.0,0.0,0.0,0.00,0.00,0.00,0.00,0.00,Matches
462,446,Juan Pablo Torres,us USA,FW,NYCFC,19,1999,1,0,1,0,0,0,0,0,0,0.00,0.00,0.00,0.00,0.00,0.0,0.0,0.0,0.00,0.00,0.00,0.00,0.00,Matches
463,447,Diego Palacios,ec ECU,DF,Los Angeles FC,19,1999,2,1,92,0,0,0,0,0,0,0.00,0.00,0.00,0.00,0.00,0.2,0.2,0.0,0.17,0.00,0.17,0.17,0.17,Matches
464,448,Cristhian Paredes,py PAR,MF,Portland,20,1998,22,19,1647,4,2,0,0,2,0,0.22,0.11,0.33,0.22,0.33,3.2,3.2,1.6,0.17,0.09,0.26,0.17,0.26,Matches
465,449,Tim Parker,us USA,DF,NY Red Bulls,25,1993,31,26,2388,0,0,0,0,5,1,0.00,0.00,0.00,0.00,0.00,1.3,1.3,0.2,0.05,0.01,0.06,0.05,0.06,Matches
466,450,Michael Parkhurst,us USA,DF,Atlanta,35,1984,20,15,1444,0,0,0,0,3,0,0.00,0.00,0.00,0.00,0.00,0.2,0.2,0.5,0.02,0.03,0.05,0.02,0.05,Matches
467,Rk,Player,Nation,Pos,Squad,Age,Born,MP,Starts,Min,Gls,Ast,PK,PKatt,CrdY,CrdR,Gls,Ast,G+A,G-PK,G+A-PK,xG,npxG,xA,xG,xA,xG+xA,npxG,npxG+xA,Matches
468,451,Keaton Parks,us USA,MF,NYCFC,21,1997,22,14,1322,1,1,0,0,3,0,0.07,0.07,0.14,0.07,0.14,2.0,2.0,1.7,0.14,0.12,0.26,0.14,0.26,Matches
469,452,Kevin Partida,us USA,FW,San Jose,23,1995,1,0,1,0,0,0,0,0,0,0.00,0.00,0.00,0.00,0.00,0.0,0.0,0.0,0.00,0.00,0.00,0.00,0.00,Matches
470,453,Santiago Patiño,us USA,FW,Orlando City,21,1997,11,3,328,2,1,0,0,1,0,0.55,0.27,0.82,0.55,0.82,2.2,2.2,1.0,0.59,0.29,0.88,0.59,0.88,Matches
471,454,Cristian Pavón,ar ARG,FW,LA Galaxy,23,1996,11,11,971,3,4,0,0,1,0,0.28,0.37,0.65,0.28,0.65,2.8,2.8,3.8,0.26,0.35,0.61,0.26,0.61,Matches
472,455,PC,br BRA,"FW,DF",Vancouver,24,1994,18,9,814,0,1,0,0,4,0,0.00,0.11,0.11,0.00,0.11,0.6,0.6,0.7,0.07,0.07,0.14,0.07,0.14,Matches
473,456,Marquinhos Pedroso,br BRA,DF,D.C. United,25,1993,4,3,285,0,0,0,0,0,0,0.00,0.00,0.00,0.00,0.00,0.0,0.0,0.1,0.02,0.03,0.05,0.02,0.05,Matches
474,457,Marquinhos Pedroso,br BRA,DF,FC Dallas,25,1993,2,1,118,0,0,0,0,0,0,0.00,0.00,0.00,0.00,0.00,0.0,0.0,0.0,0.03,0.00,0.03,0.03,0.03,Matches
475,458,Ronaldo Peña,ve VEN,"FW,MF",Houston,21,1997,4,2,159,0,0,0,0,3,0,0.00,0.00,0.00,0.00,0.00,0.1,0.1,0.1,0.08,0.05,0.13,0.08,0.13,Matches
476,459,Cristian Penilla,ec ECU,"MF,FW",New England,27,1991,30,18,1784,6,5,0,0,2,0,0.30,0.25,0.55,0.30,0.55,6.6,6.6,4.7,0.33,0.24,0.57,0.33,0.57,Matches
477,460,Ricardo Pepi,us USA,"MF,FW",FC Dallas,16,2003,7,0,78,0,0,0,0,0,0,0.00,0.00,0.00,0.00,0.00,0.4,0.4,0.7,0.41,0.82,1.23,0.41,1.23,Matches
478,461,Dion Pereira,eng ENG,"FW,DF",Atlanta,19,1999,18,7,671,0,1,0,0,0,0,0.00,0.13,0.13,0.00,0.13,0.2,0.2,1.1,0.03,0.15,0.18,0.03,0.18,Matches
479,462,Mauricio Pereyra,uy URU,"MF,FW",Orlando City,28,1990,6,5,392,0,2,0,0,1,0,0.00,0.46,0.46,0.00,0.46,0.1,0.1,1.5,0.02,0.34,0.36,0.02,0.36,Matches
480,463,Adrien Perez,us USA,FW,Los Angeles FC,23,1995,12,1,215,1,0,0,0,0,0,0.42,0.00,0.42,0.42,0.42,1.5,1.5,0.2,0.64,0.07,0.71,0.64,0.71,Matches
481,464,Javier Pérez,es ESP,MF,Los Angeles FC,22,1996,1,0,13,0,0,0,0,0,0,0.00,0.00,0.00,0.00,0.00,0.0,0.0,0.0,0.16,0.18,0.34,0.16,0.34,Matches
482,465,Joshua Pérez,us USA,"FW,MF",Los Angeles FC,21,1998,13,4,457,1,1,0,0,0,0,0.20,0.20,0.39,0.20,0.39,2.5,2.5,0.4,0.50,0.07,0.57,0.50,0.57,Matches
483,466,Ignacio Piatti,ar ARG,FW,Montreal,33,1985,11,9,754,3,1,0,0,1,0,0.36,0.12,0.48,0.36,0.48,2.0,2.0,0.9,0.24,0.11,0.35,0.24,0.35,Matches
484,467,Fafà Picault,us USA,FW,Philadelphia,27,1991,32,21,1862,4,4,0,0,4,0,0.19,0.19,0.39,0.19,0.39,7.0,7.0,2.8,0.34,0.13,0.47,0.34,0.47,Matches
485,468,Samuel Piette,ca CAN,MF,Montreal,24,1994,25,25,2219,0,0,0,0,6,0,0.00,0.00,0.00,0.00,0.00,0.5,0.5,0.8,0.02,0.03,0.06,0.02,0.06,Matches
486,469,Donovan Pines,us USA,DF,D.C. United,20,1998,10,9,785,0,1,0,0,1,0,0.00,0.11,0.11,0.00,0.11,0.3,0.3,0.3,0.04,0.03,0.07,0.04,0.07,Matches
487,470,Joao Plata,ec ECU,"FW,MF",Real Salt Lake,26,1992,17,2,317,1,0,1,1,0,0,0.28,0.00,0.28,0.00,0.00,1.5,0.8,0.3,0.44,0.09,0.53,0.22,0.32,Matches
488,471,Florentin Pogba,gn GUI,DF,Atlanta,28,1990,13,8,783,0,0,0,0,2,0,0.00,0.00,0.00,0.00,0.00,0.1,0.1,0.3,0.01,0.03,0.05,0.01,0.05,Matches
489,472,Diego Polenta,uy URU,DF,LA Galaxy,26,1992,28,28,2519,1,2,0,0,10,1,0.04,0.07,0.11,0.04,0.11,1.0,1.0,2.3,0.04,0.08,0.12,0.04,0.12,Matches
490,473,Andy Polo,pe PER,"MF,FW",Portland,24,1994,19,12,1047,0,1,0,0,1,0,0.00,0.09,0.09,0.00,0.09,0.8,0.8,1.2,0.07,0.11,0.17,0.07,0.17,Matches
491,474,Paxton Pomykal,us USA,MF,FC Dallas,19,1999,25,20,1878,2,2,0,0,4,0,0.10,0.10,0.19,0.10,0.19,2.4,2.4,3.2,0.11,0.15,0.26,0.11,0.26,Matches
492,475,Chris Pontius,us USA,FW,LA Galaxy,31,1987,18,6,703,2,2,0,0,0,0,0.26,0.26,0.51,0.26,0.51,2.5,2.5,2.0,0.33,0.25,0.58,0.33,0.58,Matches
493,Rk,Player,Nation,Pos,Squad,Age,Born,MP,Starts,Min,Gls,Ast,PK,PKatt,CrdY,CrdR,Gls,Ast,G+A,G-PK,G+A-PK,xG,npxG,xA,xG,xA,xG+xA,npxG,npxG+xA,Matches
494,476,Justin Portillo,us USA,MF,Real Salt Lake,26,1992,4,2,194,0,0,0,0,1,1,0.00,0.00,0.00,0.00,0.00,0.0,0.0,0.0,0.00,0.00,0.00,0.00,0.00,Matches
495,477,Alvas Powell,jm JAM,DF,FC Cincinnati,24,1994,13,10,969,0,0,0,0,1,0,0.00,0.00,0.00,0.00,0.00,0.4,0.4,0.5,0.04,0.04,0.09,0.04,0.09,Matches
496,478,Dillon Powers,us USA,MF,Orlando City,27,1991,7,7,619,0,1,0,0,0,0,0.00,0.15,0.15,0.00,0.15,0.1,0.1,0.3,0.01,0.04,0.05,0.01,0.05,Matches
497,479,Alejandro Pozuelo,es ESP,"MF,FW",Toronto FC,27,1991,30,28,2518,12,7,5,6,5,1,0.43,0.25,0.68,0.25,0.50,9.0,4.4,7.4,0.32,0.26,0.58,0.16,0.42,Matches
498,480,Jack Price,eng ENG,MF,Colorado,26,1992,27,25,2226,1,10,0,0,9,1,0.04,0.40,0.44,0.04,0.44,0.2,0.2,6.0,0.01,0.24,0.25,0.01,0.25,Matches
499,481,Kacper Przybyłko,pl POL,FW,Philadelphia,25,1993,26,25,2241,15,4,0,1,5,0,0.60,0.16,0.76,0.60,0.76,12.3,11.5,3.4,0.49,0.13,0.63,0.46,0.60,Matches
500,482,Andrew Putna,us USA,GK,Real Salt Lake,24,1994,5,5,450,0,0,0,0,1,0,0.00,0.00,0.00,0.00,0.00,0.0,0.0,0.1,0.00,0.02,0.02,0.00,0.02,Matches
501,483,Valeri Qazaishvili,ge GEO,"FW,MF",San Jose,26,1993,32,24,2094,8,5,0,0,1,0,0.34,0.21,0.56,0.34,0.56,6.9,6.9,2.9,0.30,0.13,0.42,0.30,0.42,Matches
502,484,Darwin Quintero,co COL,"MF,FW",Minnesota,31,1987,30,26,2197,10,5,3,4,5,0,0.41,0.20,0.61,0.29,0.49,11.7,8.6,5.0,0.48,0.21,0.68,0.35,0.56,Matches
503,485,Romell Quioto,hn HON,FW,Houston,27,1991,18,8,796,2,2,1,1,5,1,0.23,0.23,0.45,0.11,0.34,2.3,1.6,2.5,0.26,0.29,0.55,0.18,0.46,Matches
504,486,Jukka Raitala,fi FIN,DF,Montreal,30,1988,26,23,2084,0,0,0,0,2,0,0.00,0.00,0.00,0.00,0.00,0.1,0.1,0.4,0.00,0.02,0.02,0.00,0.02,Matches
505,487,Christian Ramirez,us USA,FW,Los Angeles FC,27,1991,17,13,948,4,2,0,0,0,0,0.38,0.19,0.57,0.38,0.57,5.8,5.8,1.3,0.55,0.13,0.68,0.55,0.68,Matches
506,488,Christian Ramirez,us USA,"FW,MF",Houston,27,1991,10,7,674,5,1,0,0,0,0,0.67,0.13,0.80,0.67,0.80,3.8,3.8,0.8,0.50,0.11,0.61,0.50,0.61,Matches
507,489,Greg Ranjitsingh,tt TRI,GK,Orlando City,25,1993,2,2,180,0,0,0,0,0,0,0.00,0.00,0.00,0.00,0.00,0.0,0.0,0.0,0.00,0.00,0.00,0.00,0.00,Matches
508,490,Matthew Real,us USA,"DF,MF",Philadelphia,19,1999,3,1,68,0,1,0,0,1,0,0.00,1.32,1.32,0.00,1.32,0.1,0.1,0.2,0.19,0.29,0.48,0.19,0.48,Matches
509,491,Eric Remedi,ar ARG,MF,Atlanta,23,1995,28,25,2050,0,1,0,0,6,0,0.00,0.04,0.04,0.00,0.04,0.6,0.6,1.0,0.02,0.05,0.07,0.02,0.07,Matches
510,492,Justin Rennicks,us USA,FW,New England,19,1999,2,1,105,0,0,0,0,0,0,0.00,0.00,0.00,0.00,0.00,0.5,0.5,0.0,0.44,0.02,0.46,0.44,0.46,Matches
511,493,Yordy Reyna,pe PER,"FW,MF",Vancouver,25,1993,25,22,1988,7,1,0,1,5,0,0.32,0.05,0.36,0.32,0.36,4.6,3.9,2.8,0.21,0.13,0.34,0.18,0.30,Matches
512,494,Bryan Reynolds,us USA,"FW,DF",FC Dallas,17,2001,10,1,119,0,1,0,0,0,0,0.00,0.76,0.76,0.00,0.76,0.1,0.1,0.3,0.04,0.20,0.24,0.04,0.24,Matches
513,495,Spencer Richey,us USA,GK,FC Cincinnati,26,1992,19,19,1710,0,0,0,0,1,0,0.00,0.00,0.00,0.00,0.00,0.0,0.0,0.0,0.00,0.00,0.00,0.00,0.00,Matches
514,496,Tosaint Ricketts,ca CAN,FW,Vancouver,31,1987,8,6,479,1,1,0,0,1,0,0.19,0.19,0.38,0.19,0.38,2.4,2.4,0.1,0.44,0.03,0.47,0.44,0.47,Matches
515,497,Nick Rimando,us USA,GK,Real Salt Lake,39,1979,29,29,2610,0,0,0,0,1,0,0.00,0.00,0.00,0.00,0.00,0.0,0.0,0.0,0.00,0.00,0.00,0.00,0.00,Matches
516,498,Alexander Ring,fi FIN,MF,NYCFC,27,1991,31,31,2790,4,4,0,0,12,0,0.13,0.13,0.26,0.13,0.26,3.2,3.2,2.4,0.11,0.08,0.19,0.11,0.19,Matches
517,499,Andrés Ríos,ar ARG,"MF,FW",San Jose,29,1989,10,1,270,1,0,0,0,1,0,0.33,0.00,0.33,0.33,0.33,0.6,0.6,0.7,0.20,0.23,0.43,0.20,0.43,Matches
518,500,Thomas Roberts,us USA,"MF,FW",FC Dallas,17,2001,6,3,237,0,0,0,0,0,0,0.00,0.00,0.00,0.00,0.00,0.1,0.1,0.3,0.03,0.13,0.16,0.03,0.16,Matches
519,Rk,Player,Nation,Pos,Squad,Age,Born,MP,Starts,Min,Gls,Ast,PK,PKatt,CrdY,CrdR,Gls,Ast,G+A,G-PK,G+A-PK,xG,npxG,xA,xG,xA,xG+xA,npxG,npxG+xA,Matches
520,501,Robinho,br BRA,FW,Columbus,24,1995,19,13,1112,0,2,0,0,0,0,0.00,0.16,0.16,0.00,0.16,2.2,2.2,1.5,0.17,0.12,0.30,0.17,0.30,Matches
521,502,Robinho,br BRA,FW,Orlando City,24,1995,6,3,234,0,0,0,0,0,0,0.00,0.00,0.00,0.00,0.00,0.4,0.4,0.1,0.14,0.04,0.18,0.14,0.18,Matches
522,503,Jalen Robinson,us USA,DF,D.C. United,24,1994,10,5,414,0,0,0,0,0,0,0.00,0.00,0.00,0.00,0.00,0.0,0.0,0.0,0.01,0.01,0.01,0.01,0.01,Matches
523,504,Miles Robinson,us USA,DF,Atlanta,21,1997,34,33,2979,0,0,0,0,4,0,0.00,0.00,0.00,0.00,0.00,1.3,1.3,0.2,0.04,0.00,0.04,0.04,0.04,Matches
524,505,Luis Robles,us USA,GK,NY Red Bulls,34,1984,33,33,2970,0,0,0,0,4,0,0.00,0.00,0.00,0.00,0.00,0.0,0.0,0.0,0.00,0.00,0.00,0.00,0.00,Matches
525,506,Tony Rocha,bz BLZ,"MF,DF",NYCFC,25,1993,17,9,876,0,0,0,0,1,0,0.00,0.00,0.00,0.00,0.00,0.1,0.1,0.2,0.01,0.02,0.03,0.01,0.03,Matches
526,507,Angelo Rodríguez,co COL,FW,Minnesota,29,1989,28,21,1745,5,1,1,1,2,0,0.26,0.05,0.31,0.21,0.26,10.1,9.3,1.8,0.52,0.09,0.61,0.48,0.57,Matches
527,508,Brian Rodríguez,uy URU,FW,Los Angeles FC,18,2000,7,5,384,0,0,0,0,0,0,0.00,0.00,0.00,0.00,0.00,1.4,1.4,0.9,0.32,0.20,0.53,0.32,0.53,Matches
528,509,Lucas Rodríguez,ar ARG,"FW,MF",D.C. United,21,1997,33,31,2699,6,3,0,0,5,0,0.20,0.10,0.30,0.20,0.30,3.4,3.4,1.3,0.11,0.04,0.16,0.11,0.16,Matches
529,510,Memo Rodriguez,us USA,"FW,MF",Houston,23,1995,26,16,1387,7,2,0,0,3,0,0.45,0.13,0.58,0.45,0.58,6.2,6.2,2.3,0.41,0.15,0.55,0.41,0.55,Matches
530,511,Víctor Rodríguez,es ESP,"FW,MF",Seattle,29,1989,17,14,1117,2,3,1,1,1,0,0.16,0.24,0.40,0.08,0.32,3.1,2.3,3.0,0.25,0.24,0.49,0.19,0.43,Matches
531,512,Alex Roldan,us USA,"FW,MF",Seattle,22,1996,9,5,443,0,0,0,0,0,0,0.00,0.00,0.00,0.00,0.00,0.2,0.2,0.0,0.05,0.01,0.06,0.05,0.06,Matches
532,513,Cristian Roldan,us USA,"MF,FW",Seattle,23,1995,29,29,2537,6,3,0,0,4,1,0.21,0.11,0.32,0.21,0.32,3.5,3.5,2.9,0.12,0.10,0.23,0.12,0.23,Matches
533,514,David Romney,us USA,DF,LA Galaxy,25,1993,12,10,928,0,1,0,0,0,0,0.00,0.10,0.10,0.00,0.10,0.8,0.8,0.5,0.08,0.05,0.12,0.08,0.12,Matches
534,515,Eloy Room,cw CUW,GK,Columbus,29,1989,12,12,1080,0,0,0,0,1,0,0.00,0.00,0.00,0.00,0.00,0.0,0.0,0.0,0.00,0.00,0.00,0.00,0.00,Matches
535,516,Wayne Rooney,eng ENG,FW,D.C. United,33,1985,28,27,2313,11,7,4,4,5,2,0.43,0.27,0.70,0.27,0.54,11.2,8.1,6.2,0.43,0.24,0.68,0.32,0.56,Matches
536,517,Andy Rose,au AUS,"MF,DF",Vancouver,28,1990,24,20,1851,1,1,0,0,2,0,0.05,0.05,0.10,0.05,0.10,1.6,1.6,0.0,0.08,0.00,0.08,0.08,0.08,Matches
537,518,Oriol Rosell,es ESP,MF,Orlando City,26,1992,20,16,1466,0,0,0,0,6,0,0.00,0.00,0.00,0.00,0.00,0.6,0.6,0.3,0.03,0.02,0.05,0.03,0.05,Matches
538,519,Keegan Rosenberry,us USA,DF,Colorado,25,1993,34,34,3060,1,3,0,0,3,0,0.03,0.09,0.12,0.03,0.12,0.9,0.9,2.7,0.03,0.08,0.11,0.03,0.11,Matches
539,520,Diego Rossi,uy URU,FW,Los Angeles FC,20,1998,34,33,2891,16,6,0,0,2,0,0.50,0.19,0.68,0.50,0.68,12.2,12.2,7.8,0.38,0.24,0.62,0.38,0.62,Matches
540,521,Brian Rowe,us USA,GK,Orlando City,30,1988,32,32,2880,0,0,0,0,1,0,0.00,0.00,0.00,0.00,0.00,0.0,0.0,0.2,0.00,0.01,0.01,0.00,0.01,Matches
541,522,Kelyn Rowe,us USA,"FW,MF",Sporting KC,27,1991,14,7,693,0,1,0,0,2,0,0.00,0.13,0.13,0.00,0.13,2.0,2.0,0.4,0.26,0.05,0.31,0.26,0.31,Matches
542,523,Kelyn Rowe,us USA,MF,Real Salt Lake,27,1991,4,2,181,0,0,0,0,0,0,0.00,0.00,0.00,0.00,0.00,0.1,0.1,0.0,0.04,0.00,0.04,0.04,0.04,Matches
543,524,Daniel Royer,at AUT,FW,NY Red Bulls,28,1990,31,26,2314,11,6,4,5,1,0,0.43,0.23,0.66,0.27,0.51,14.2,10.4,4.8,0.55,0.19,0.74,0.40,0.59,Matches
544,525,Ruan,br BRA,DF,Orlando City,23,1995,25,23,2097,0,4,0,0,1,0,0.00,0.17,0.17,0.00,0.17,0.9,0.9,4.4,0.04,0.19,0.22,0.04,0.22,Matches
545,Rk,Player,Nation,Pos,Squad,Age,Born,MP,Starts,Min,Gls,Ast,PK,PKatt,CrdY,CrdR,Gls,Ast,G+A,G-PK,G+A-PK,xG,npxG,xA,xG,xA,xG+xA,npxG,npxG+xA,Matches
546,526,Diego Rubio,cl CHI,"MF,FW",Colorado,25,1993,26,25,2054,11,4,0,0,10,1,0.48,0.18,0.66,0.48,0.66,6.2,6.2,3.3,0.27,0.15,0.42,0.27,0.42,Matches
547,527,Raúl Ruidíaz,pe PER,FW,Seattle,28,1990,22,20,1793,11,2,0,0,0,0,0.55,0.10,0.65,0.55,0.65,11.9,11.9,2.6,0.60,0.13,0.73,0.60,0.73,Matches
548,528,Albert Rusnák,sk SVK,"MF,FW",Real Salt Lake,24,1994,29,28,2450,10,3,4,5,2,0,0.37,0.11,0.48,0.22,0.33,8.6,4.8,4.3,0.32,0.16,0.47,0.18,0.33,Matches
549,529,Johnny Russell,sco SCO,"FW,MF",Sporting KC,28,1990,28,24,2113,9,6,0,0,1,0,0.38,0.26,0.64,0.38,0.64,6.1,6.1,7.2,0.26,0.31,0.57,0.26,0.57,Matches
550,530,Abdul Rwatubyaye,rw RWA,DF,Sporting KC,22,1996,2,1,165,0,0,0,0,1,0,0.00,0.00,0.00,0.00,0.00,0.0,0.0,0.0,0.02,0.00,0.02,0.02,0.02,Matches
551,531,Marc Rzatkowski,de GER,"MF,FW",NY Red Bulls,28,1990,28,26,2315,2,3,0,0,4,0,0.08,0.12,0.19,0.08,0.19,2.2,2.2,4.8,0.09,0.19,0.27,0.09,0.27,Matches
552,532,Bacary Sagna,fr FRA,DF,Montreal,35,1983,26,25,2179,1,2,0,0,7,1,0.04,0.08,0.12,0.04,0.12,0.7,0.7,2.3,0.03,0.09,0.12,0.03,0.12,Matches
553,533,Kenny Saief,us USA,"FW,MF",FC Cincinnati,25,1993,9,6,566,1,2,0,0,0,0,0.16,0.32,0.48,0.16,0.48,1.0,1.0,1.8,0.16,0.28,0.44,0.16,0.44,Matches
554,534,Michael Salazar,bz BLZ,"FW,MF",Houston,26,1992,7,1,159,0,0,0,0,0,0,0.00,0.00,0.00,0.00,0.00,0.1,0.1,0.0,0.07,0.01,0.08,0.07,0.08,Matches
555,535,Shea Salinas,us USA,"MF,DF",San Jose,32,1986,28,12,1345,6,3,0,0,3,0,0.40,0.20,0.60,0.40,0.60,4.9,4.9,3.3,0.33,0.22,0.55,0.33,0.55,Matches
556,536,Dániel Sallói,hu HUN,"FW,MF",Sporting KC,22,1996,28,16,1545,1,1,0,1,1,1,0.06,0.06,0.12,0.06,0.12,6.2,5.5,2.0,0.36,0.12,0.48,0.32,0.44,Matches
557,537,Ilie Sánchez,es ESP,MF,Sporting KC,28,1990,32,27,2510,2,4,1,1,7,1,0.07,0.14,0.22,0.04,0.18,2.2,1.5,2.2,0.08,0.08,0.16,0.05,0.13,Matches
558,538,James Sands,us USA,"DF,MF",NYCFC,18,2000,19,18,1485,0,0,0,0,4,0,0.00,0.00,0.00,0.00,0.00,0.1,0.1,0.2,0.00,0.01,0.01,0.00,0.01,Matches
559,539,Lamine Sané,sn SEN,DF,Orlando City,31,1987,26,25,2275,0,0,0,0,4,0,0.00,0.00,0.00,0.00,0.00,0.5,0.5,0.3,0.02,0.01,0.03,0.02,0.03,Matches
560,540,Harold Santiago Mosquera,co COL,"FW,MF",FC Dallas,23,1995,23,12,1173,3,1,0,0,0,0,0.23,0.08,0.31,0.23,0.31,2.6,2.6,1.7,0.20,0.13,0.33,0.20,0.33,Matches
561,541,Sergio Santos Gomes,br BRA,"FW,MF",Philadelphia,24,1994,17,5,626,4,1,0,0,2,0,0.58,0.14,0.72,0.58,0.72,3.8,3.8,0.4,0.55,0.06,0.60,0.55,0.60,Matches
562,542,Pedro Santos,pt POR,"FW,MF",Columbus,30,1988,33,30,2761,11,5,1,1,7,0,0.36,0.16,0.52,0.33,0.49,5.7,5.0,6.0,0.19,0.19,0.38,0.16,0.36,Matches
563,543,C.J. Sapong,us USA,FW,Chicago,30,1988,32,29,2547,13,1,0,0,3,0,0.46,0.04,0.49,0.46,0.49,10.9,10.9,1.9,0.40,0.07,0.47,0.40,0.47,Matches
564,544,Sebastián Saucedo,us USA,"FW,MF",Real Salt Lake,22,1997,26,13,1192,2,4,0,0,6,0,0.15,0.30,0.45,0.15,0.45,1.6,1.6,1.9,0.12,0.15,0.27,0.12,0.27,Matches
565,545,Gastón Sauro,ar ARG,DF,Columbus,28,1990,15,15,1284,2,0,0,0,4,0,0.14,0.00,0.14,0.14,0.14,0.8,0.8,0.7,0.05,0.05,0.10,0.05,0.10,Matches
566,546,Jefferson Savarino,ve VEN,"FW,MF",Real Salt Lake,22,1996,28,27,2315,8,5,0,0,1,1,0.31,0.19,0.51,0.31,0.51,5.3,5.3,3.1,0.21,0.12,0.33,0.21,0.33,Matches
567,547,Tate Schmitt,us USA,FW,Real Salt Lake,21,1997,6,1,93,0,0,0,0,0,0,0.00,0.00,0.00,0.00,0.00,0.0,0.0,0.0,0.00,0.00,0.00,0.00,0.00,Matches
568,548,Rasmus Schüller,fi FIN,"MF,FW",Minnesota,27,1991,15,11,921,0,0,0,0,1,0,0.00,0.00,0.00,0.00,0.00,1.0,1.0,0.5,0.09,0.05,0.14,0.09,0.14,Matches
569,549,Bastian Schweinsteiger,de GER,"DF,MF",Chicago,34,1984,30,30,2675,1,3,0,0,10,0,0.03,0.10,0.13,0.03,0.13,1.1,1.1,1.6,0.04,0.06,0.09,0.04,0.09,Matches
570,550,Eddie Segura,co COL,DF,Los Angeles FC,21,1997,34,33,2955,1,0,0,0,1,0,0.03,0.00,0.03,0.03,0.03,1.6,1.6,0.1,0.05,0.00,0.05,0.05,0.05,Matches
571,Rk,Player,Nation,Pos,Squad,Age,Born,MP,Starts,Min,Gls,Ast,PK,PKatt,CrdY,CrdR,Gls,Ast,G+A,G-PK,G+A-PK,xG,npxG,xA,xG,xA,xG+xA,npxG,npxG+xA,Matches
572,551,Ulises Segura,cr CRC,"FW,DF",D.C. United,25,1993,33,19,1791,3,2,0,0,1,0,0.15,0.10,0.25,0.15,0.25,2.6,2.6,2.5,0.13,0.12,0.26,0.13,0.26,Matches
573,552,Chris Seitz,us USA,GK,D.C. United,31,1987,1,1,90,0,0,0,0,0,0,0.00,0.00,0.00,0.00,0.00,0.0,0.0,0.0,0.00,0.00,0.00,0.00,0.00,Matches
574,553,Amar Sejdic,us USA,MF,Montreal,22,1996,1,1,67,0,0,0,0,0,0,0.00,0.00,0.00,0.00,0.00,0.0,0.0,0.0,0.00,0.04,0.04,0.00,0.04,Matches
575,554,Dillon Serna,us USA,"DF,MF",Colorado,24,1994,14,6,586,0,0,0,0,0,0,0.00,0.00,0.00,0.00,0.00,0.5,0.5,0.3,0.07,0.05,0.12,0.07,0.12,Matches
576,555,Brandon Servania,us USA,MF,FC Dallas,19,1999,18,13,1119,2,1,0,0,2,0,0.16,0.08,0.24,0.16,0.24,2.2,2.2,0.6,0.18,0.05,0.23,0.18,0.23,Matches
577,556,Jacob Shaffelburg,ca CAN,"MF,FW",Toronto FC,19,1999,10,8,668,0,1,0,0,0,0,0.00,0.13,0.13,0.00,0.13,0.8,0.8,1.0,0.10,0.14,0.24,0.10,0.24,Matches
578,557,Brek Shea,us USA,DF,Atlanta,28,1990,19,10,911,0,1,0,0,0,0,0.00,0.10,0.10,0.00,0.10,0.5,0.5,2.5,0.05,0.24,0.29,0.05,0.29,Matches
579,558,Andre Shinyashiki,br BRA,"FW,MF",Colorado,23,1995,31,18,1672,7,3,0,0,3,0,0.38,0.16,0.54,0.38,0.54,6.3,6.3,3.5,0.34,0.19,0.53,0.34,0.53,Matches
580,559,Harry Shipp,us USA,"FW,MF",Seattle,27,1991,25,15,1382,5,1,0,0,1,0,0.33,0.07,0.39,0.33,0.39,2.5,2.5,1.1,0.17,0.07,0.24,0.17,0.24,Matches
581,560,Shamit Shome,ca CAN,MF,Montreal,21,1997,27,18,1626,1,1,0,0,3,0,0.06,0.06,0.11,0.06,0.11,1.9,1.9,0.8,0.10,0.05,0.15,0.10,0.15,Matches
582,561,Danilo da Silva,br BRA,DF,Los Angeles FC,32,1986,5,2,225,0,0,0,0,1,0,0.00,0.00,0.00,0.00,0.00,0.2,0.2,0.1,0.06,0.05,0.11,0.06,0.11,Matches
583,562,Luis Silva,us USA,"FW,MF",Seattle,30,1988,5,2,198,0,0,0,0,0,0,0.00,0.00,0.00,0.00,0.00,1.2,1.2,0.0,0.55,0.01,0.56,0.55,0.56,Matches
584,563,Marcelo Silva,uy URU,DF,Real Salt Lake,29,1989,19,14,1345,2,0,0,0,3,1,0.13,0.00,0.13,0.13,0.13,0.4,0.4,0.2,0.03,0.01,0.04,0.03,0.04,Matches
585,564,Josh Sims,eng ENG,FW,NY Red Bulls,21,1997,7,5,476,0,1,0,0,0,0,0.00,0.19,0.19,0.00,0.19,0.9,0.9,0.5,0.18,0.10,0.28,0.18,0.28,Matches
586,565,Seth Sinovic,us USA,DF,Sporting KC,32,1987,22,21,1908,0,1,0,0,4,0,0.00,0.05,0.05,0.00,0.05,0.3,0.3,0.5,0.01,0.02,0.04,0.01,0.04,Matches
587,566,Pablo Sisniega,mx MEX,GK,Los Angeles FC,23,1995,6,6,540,0,0,0,0,0,0,0.00,0.00,0.00,0.00,0.00,0.0,0.0,0.0,0.00,0.00,0.00,0.00,0.00,Matches
588,567,Axel Sjöberg,se SWE,"DF,FW",Colorado,27,1991,7,5,435,0,0,0,0,0,1,0.00,0.00,0.00,0.00,0.00,0.3,0.3,0.0,0.06,0.00,0.06,0.06,0.06,Matches
589,568,Jørgen Skjelvik,no NOR,DF,LA Galaxy,27,1991,20,19,1681,1,2,0,0,4,0,0.05,0.11,0.16,0.05,0.16,0.8,0.8,2.1,0.05,0.11,0.16,0.05,0.16,Matches
590,569,Brad Smith,au AUS,DF,Seattle,24,1994,25,22,1972,0,5,0,0,0,0,0.00,0.23,0.23,0.00,0.23,0.5,0.5,4.3,0.02,0.20,0.22,0.02,0.22,Matches
591,570,Graham Smith,us USA,DF,Sporting KC,23,1995,11,10,882,1,1,0,0,1,0,0.10,0.10,0.20,0.10,0.20,1.1,1.1,0.1,0.11,0.01,0.12,0.11,0.12,Matches
592,571,Kyle Smith,us USA,DF,Orlando City,27,1992,23,15,1386,0,0,0,0,4,0,0.00,0.00,0.00,0.00,0.00,1.1,1.1,0.2,0.07,0.01,0.08,0.07,0.08,Matches
593,572,Tommy Smith,nz NZL,DF,Colorado,28,1990,27,27,2413,3,2,0,0,3,1,0.11,0.07,0.19,0.11,0.19,3.2,3.2,0.4,0.12,0.02,0.14,0.12,0.14,Matches
594,573,Eduardo Sosa,ve VEN,"MF,FW",Columbus,21,1997,8,4,325,0,0,0,0,1,0,0.00,0.00,0.00,0.00,0.00,0.4,0.4,0.1,0.10,0.04,0.14,0.10,0.14,Matches
595,574,Caleb Stanko,us USA,MF,FC Cincinnati,25,1993,23,16,1439,0,0,0,0,3,0,0.00,0.00,0.00,0.00,0.00,0.4,0.4,0.5,0.02,0.03,0.05,0.02,0.05,Matches
596,575,Zack Steffen,us USA,GK,Columbus,23,1995,13,13,1170,0,0,0,0,0,0,0.00,0.00,0.00,0.00,0.00,0.0,0.0,0.0,0.00,0.00,0.00,0.00,0.00,Matches
597,Rk,Player,Nation,Pos,Squad,Age,Born,MP,Starts,Min,Gls,Ast,PK,PKatt,CrdY,CrdR,Gls,Ast,G+A,G-PK,G+A-PK,xG,npxG,xA,xG,xA,xG+xA,npxG,npxG+xA,Matches
598,576,Daniel Steres,us USA,DF,LA Galaxy,28,1990,30,30,2613,3,0,0,0,4,1,0.10,0.00,0.10,0.10,0.10,3.0,3.0,0.7,0.10,0.02,0.13,0.10,0.13,Matches
599,577,Zoltán Stieber,hu HUN,"FW,MF",D.C. United,30,1988,9,3,305,0,0,0,0,0,0,0.00,0.00,0.00,0.00,0.00,0.1,0.1,0.2,0.04,0.05,0.10,0.04,0.10,Matches
600,578,Aljaž Struna,si SVN,DF,Houston,28,1990,29,29,2610,0,1,0,0,4,0,0.00,0.03,0.03,0.00,0.03,0.3,0.3,0.2,0.01,0.01,0.02,0.01,0.02,Matches
601,579,Brad Stuver,us USA,GK,NYCFC,27,1991,5,5,450,0,0,0,0,0,0,0.00,0.00,0.00,0.00,0.00,0.0,0.0,0.2,0.00,0.05,0.05,0.00,0.05,Matches
602,580,Scott Sutter,ch SUI,DF,Vancouver,32,1986,16,9,983,1,0,0,0,0,0,0.09,0.00,0.09,0.09,0.09,0.3,0.3,0.7,0.03,0.06,0.09,0.03,0.09,Matches
603,581,Gustav Svensson,se SWE,MF,Seattle,31,1987,22,21,1811,0,0,0,0,1,0,0.00,0.00,0.00,0.00,0.00,0.8,0.8,0.5,0.04,0.03,0.06,0.04,0.06,Matches
604,582,Ben Sweat,us USA,DF,NYCFC,27,1991,18,13,1266,0,1,0,0,4,0,0.00,0.07,0.07,0.00,0.07,0.1,0.1,0.8,0.01,0.06,0.07,0.01,0.07,Matches
605,583,Ballou Tabla,ca CAN,"MF,FW",Montreal,19,1999,4,1,129,0,0,0,0,0,0,0.00,0.00,0.00,0.00,0.00,0.3,0.3,0.0,0.23,0.03,0.26,0.23,0.26,Matches
606,584,Saphir Taïder,dz ALG,"MF,FW",Montreal,26,1992,32,31,2726,9,7,5,5,2,0,0.30,0.23,0.53,0.13,0.36,8.6,4.8,5.3,0.28,0.17,0.46,0.16,0.33,Matches
607,585,Ismael Tajouri-Shradi,ly LBY,"FW,MF",NYCFC,24,1994,19,11,935,5,3,0,0,1,0,0.48,0.29,0.77,0.48,0.77,1.2,1.2,1.9,0.12,0.18,0.30,0.12,0.30,Matches
608,586,Amro Tarek,eg EGY,DF,NY Red Bulls,26,1992,20,19,1471,1,1,0,0,6,1,0.06,0.06,0.12,0.06,0.12,0.9,0.9,1.2,0.06,0.07,0.13,0.06,0.13,Matches
609,587,Russell Teibert,ca CAN,MF,Vancouver,26,1992,27,26,2194,0,3,0,0,1,0,0.00,0.12,0.12,0.00,0.12,0.4,0.4,1.6,0.02,0.07,0.08,0.02,0.08,Matches
610,588,Ryan Telfer,tt TRI,DF,Toronto FC,24,1994,1,0,4,0,1,0,0,0,0,0.00,22.50,22.50,0.00,22.50,0.0,0.0,0.6,0.00,13.52,13.52,0.00,13.52,Matches
611,589,Tommy Thompson,us USA,DF,San Jose,23,1995,30,28,2285,2,1,0,0,7,1,0.08,0.04,0.12,0.08,0.12,0.5,0.5,1.5,0.02,0.06,0.08,0.02,0.08,Matches
612,590,Anton Tinnerholm,se SWE,DF,NYCFC,27,1991,30,30,2631,1,7,0,0,4,0,0.03,0.24,0.27,0.03,0.27,3.2,3.2,3.1,0.11,0.11,0.22,0.11,0.22,Matches
613,591,Donny Toia,us USA,DF,Real Salt Lake,26,1992,24,24,2140,1,1,0,0,3,0,0.04,0.04,0.08,0.04,0.08,0.7,0.7,1.3,0.03,0.05,0.08,0.03,0.08,Matches
614,592,Nouhou Tolo,cm CMR,DF,Seattle,21,1997,22,9,793,0,0,0,0,5,0,0.00,0.00,0.00,0.00,0.00,0.3,0.3,0.2,0.03,0.02,0.05,0.03,0.05,Matches
615,593,Román Torres,pa PAN,DF,Seattle,32,1986,17,12,1132,1,0,0,0,2,0,0.08,0.00,0.08,0.08,0.08,1.8,1.8,0.1,0.14,0.01,0.15,0.14,0.15,Matches
616,594,Mason Toye,us USA,FW,Minnesota,20,1998,17,9,823,6,2,0,0,2,1,0.66,0.22,0.87,0.66,0.87,4.0,4.0,1.3,0.44,0.14,0.58,0.44,0.58,Matches
617,595,Diedie Traoré,fr FRA,DF,LA Galaxy,20,1999,4,3,220,0,0,0,0,0,0,0.00,0.00,0.00,0.00,0.00,0.0,0.0,0.1,0.00,0.04,0.04,0.00,0.04,Matches
618,596,Wil Trapp,us USA,MF,Columbus,26,1993,28,26,2330,0,3,0,0,5,0,0.00,0.12,0.12,0.00,0.12,0.1,0.1,1.5,0.00,0.06,0.06,0.00,0.06,Matches
619,597,Auston Trusty,us USA,DF,Philadelphia,20,1998,22,22,1965,1,0,0,0,5,1,0.05,0.00,0.05,0.05,0.05,1.0,1.0,0.4,0.04,0.02,0.06,0.04,0.06,Matches
620,598,Bill Tuiloma,nz NZL,DF,Portland,23,1995,25,21,1920,1,0,0,0,1,0,0.05,0.00,0.05,0.05,0.05,1.5,1.5,0.1,0.07,0.00,0.07,0.07,0.07,Matches
621,599,Matt Turner,us USA,GK,New England,24,1994,20,20,1765,0,0,0,0,4,1,0.00,0.00,0.00,0.00,0.00,0.0,0.0,0.0,0.00,0.00,0.00,0.00,0.00,Matches
622,600,Ema Twumasi,gh GHA,"DF,MF",FC Dallas,21,1997,2,0,29,0,0,0,0,0,0,0.00,0.00,0.00,0.00,0.00,0.1,0.1,0.0,0.41,0.00,0.41,0.41,0.41,Matches
623,Rk,Player,Nation,Pos,Squad,Age,Born,MP,Starts,Min,Gls,Ast,PK,PKatt,CrdY,CrdR,Gls,Ast,G+A,G-PK,G+A-PK,xG,npxG,xA,xG,xA,xG+xA,npxG,npxG+xA,Matches
624,601,Przemysław Tytoń,pl POL,GK,FC Cincinnati,32,1987,15,15,1350,0,0,0,0,0,0,0.00,0.00,0.00,0.00,0.00,0.0,0.0,0.0,0.00,0.00,0.00,0.00,0.00,Matches
625,602,Victor Ulloa,us USA,MF,FC Cincinnati,26,1992,26,22,1944,1,1,0,0,4,0,0.05,0.05,0.09,0.05,0.09,0.3,0.3,1.7,0.01,0.08,0.09,0.01,0.09,Matches
626,603,Maximiliano Urruti,ar ARG,FW,Montreal,27,1991,31,27,2433,4,6,1,1,5,1,0.15,0.22,0.37,0.11,0.33,4.6,3.8,2.7,0.17,0.10,0.27,0.14,0.24,Matches
627,604,Zarek Valentin,us USA,DF,Portland,27,1991,21,17,1625,0,0,0,0,5,0,0.00,0.00,0.00,0.00,0.00,0.1,0.1,0.5,0.00,0.03,0.03,0.00,0.03,Matches
628,605,Diego Valeri,ar ARG,"MF,FW",Portland,32,1986,31,29,2595,8,8,2,4,4,0,0.28,0.28,0.55,0.21,0.49,8.4,5.1,8.3,0.29,0.29,0.58,0.18,0.47,Matches
629,606,Florian Valot,fr FRA,"MF,FW",NY Red Bulls,25,1993,2,2,124,0,1,0,0,0,0,0.00,0.73,0.73,0.00,0.73,0.0,0.0,0.3,0.00,0.23,0.23,0.00,0.23,Matches
630,607,Peter-Lee Vassell,jm JAM,MF,Los Angeles FC,20,1998,6,2,181,0,0,0,0,0,0,0.00,0.00,0.00,0.00,0.00,0.4,0.4,0.6,0.20,0.29,0.49,0.20,0.49,Matches
631,608,Brandon Vazquez,us USA,FW,Atlanta,20,1998,11,7,638,2,1,1,1,1,0,0.28,0.14,0.42,0.14,0.28,3.0,2.3,1.1,0.43,0.16,0.59,0.32,0.48,Matches
632,609,Carlos Vela,mx MEX,FW,Los Angeles FC,29,1989,31,31,2723,34,10,9,11,1,0,1.12,0.33,1.45,0.83,1.16,25.2,16.8,11.4,0.83,0.38,1.21,0.55,0.93,Matches
633,610,Lucas Venuto,br BRA,FW,Vancouver,24,1995,22,12,1136,3,1,0,0,3,0,0.24,0.08,0.32,0.24,0.32,2.0,2.0,1.9,0.16,0.15,0.31,0.16,0.31,Matches
634,611,Matías Vera,ar ARG,MF,Houston,23,1995,30,30,2634,0,1,0,0,10,1,0.00,0.03,0.03,0.00,0.03,0.9,0.9,0.6,0.03,0.02,0.05,0.03,0.05,Matches
635,612,Jorge Villafaña,us USA,DF,Portland,29,1989,23,22,1943,0,4,0,0,0,0,0.00,0.19,0.19,0.00,0.19,0.4,0.4,2.2,0.02,0.10,0.12,0.02,0.12,Matches
636,613,Héctor Villalba,py PAR,"FW,MF",Atlanta,24,1994,20,10,940,1,3,0,0,0,0,0.10,0.29,0.38,0.10,0.38,3.3,3.3,2.3,0.32,0.22,0.53,0.32,0.53,Matches
637,614,Sam Vines,us USA,DF,Colorado,19,1999,26,23,2151,0,0,0,0,2,0,0.00,0.00,0.00,0.00,0.00,0.2,0.2,0.4,0.01,0.02,0.02,0.01,0.02,Matches
638,615,Kai Wagner,de GER,DF,Philadelphia,21,1997,30,30,2689,0,6,0,0,6,1,0.00,0.20,0.20,0.00,0.20,0.3,0.3,3.4,0.01,0.11,0.12,0.01,0.12,Matches
639,616,Rodney Wallace,cr CRC,DF,Sporting KC,30,1988,1,1,26,0,0,0,0,0,0,0.00,0.00,0.00,0.00,0.00,0.0,0.0,0.0,0.00,0.00,0.00,0.00,0.00,Matches
640,617,Akeem Ward,us USA,DF,D.C. United,23,1996,1,1,47,0,0,0,0,0,0,0.00,0.00,0.00,0.00,0.00,0.0,0.0,0.0,0.00,0.00,0.00,0.00,0.00,Matches
641,618,Kendall Waston,cr CRC,DF,FC Cincinnati,31,1988,25,24,2175,1,0,0,0,10,1,0.04,0.00,0.04,0.04,0.04,1.3,1.3,0.1,0.05,0.01,0.06,0.05,0.06,Matches
642,619,Quentin Westberg,us USA,GK,Toronto FC,32,1986,28,28,2504,0,0,0,0,0,0,0.00,0.00,0.00,0.00,0.00,0.0,0.0,0.0,0.00,0.00,0.00,0.00,0.00,Matches
643,620,Brian White,us USA,FW,NY Red Bulls,22,1996,19,17,1336,8,1,0,0,1,0,0.54,0.07,0.61,0.54,0.61,6.4,6.4,1.1,0.43,0.07,0.51,0.43,0.51,Matches
644,621,JJ Williams,us USA,FW,Columbus,21,1998,7,3,327,0,0,0,0,0,0,0.00,0.00,0.00,0.00,0.00,0.7,0.7,0.1,0.20,0.03,0.23,0.20,0.23,Matches
645,622,Josh Williams,us USA,DF,Columbus,30,1988,16,15,1278,2,0,0,0,2,0,0.14,0.00,0.14,0.14,0.14,0.6,0.6,0.1,0.04,0.00,0.05,0.04,0.05,Matches
646,623,Romario Williams,jm JAM,"FW,DF",Atlanta,24,1994,2,0,39,0,0,0,0,0,0,0.00,0.00,0.00,0.00,0.00,0.1,0.1,0.2,0.19,0.45,0.64,0.19,0.64,Matches
647,624,Romario Williams,jm JAM,"FW,MF",Columbus,24,1994,7,1,127,1,0,0,0,0,0,0.71,0.00,0.71,0.71,0.71,0.6,0.6,0.4,0.43,0.29,0.72,0.43,0.72,Matches
648,625,Eryk Williamson,us USA,"MF,FW",Portland,21,1997,7,3,234,0,0,0,0,1,0,0.00,0.00,0.00,0.00,0.00,0.6,0.6,0.0,0.25,0.00,0.25,0.25,0.25,Matches
649,Rk,Player,Nation,Pos,Squad,Age,Born,MP,Starts,Min,Gls,Ast,PK,PKatt,CrdY,CrdR,Gls,Ast,G+A,G-PK,G+A-PK,xG,npxG,xA,xG,xA,xG+xA,npxG,npxG+xA,Matches
650,626,Joe Willis,us USA,GK,Houston,30,1988,27,27,2430,0,0,0,0,0,0,0.00,0.00,0.00,0.00,0.00,0.0,0.0,0.3,0.00,0.01,0.01,0.00,0.01,Matches
651,627,Danny Wilson,sco SCO,"MF,DF",Colorado,27,1991,20,15,1328,2,1,0,0,4,0,0.14,0.07,0.20,0.14,0.20,2.1,2.1,0.3,0.14,0.02,0.16,0.14,0.16,Matches
652,628,Henry Wingo,us USA,FW,Seattle,23,1995,6,2,202,0,0,0,0,0,0,0.00,0.00,0.00,0.00,0.00,0.1,0.1,0.5,0.04,0.20,0.25,0.04,0.25,Matches
653,629,Chris Wondolowski,us USA,FW,San Jose,36,1983,32,24,1977,15,2,0,0,3,1,0.68,0.09,0.77,0.68,0.77,13.9,13.9,1.9,0.63,0.08,0.72,0.63,0.72,Matches
654,630,Andrew Wooten,us USA,FW,Philadelphia,29,1989,7,4,352,0,0,0,0,0,0,0.00,0.00,0.00,0.00,0.00,1.3,1.3,0.2,0.33,0.05,0.39,0.33,0.39,Matches
655,631,Brian Wright,ca CAN,"FW,MF",New England,23,1995,2,0,12,0,0,0,0,0,0,0.00,0.00,0.00,0.00,0.00,0.0,0.0,0.0,0.00,0.00,0.00,0.00,0.00,Matches
656,632,Bradley Wright-Phillips,eng ENG,FW,NY Red Bulls,33,1985,24,9,1110,2,1,0,0,3,0,0.16,0.08,0.24,0.16,0.24,3.8,3.8,1.6,0.30,0.13,0.44,0.30,0.44,Matches
657,633,Deklan Wynne,nz NZL,DF,Colorado,23,1995,11,11,916,0,0,0,0,0,0,0.00,0.00,0.00,0.00,0.00,0.0,0.0,0.1,0.00,0.01,0.01,0.00,0.01,Matches
658,634,Griffin Yow,us USA,FW,D.C. United,16,2002,2,1,58,0,0,0,0,0,0,0.00,0.00,0.00,0.00,0.00,0.0,0.0,0.0,0.00,0.00,0.00,0.00,0.00,Matches
659,635,Jackson Yueill,us USA,MF,San Jose,21,1997,32,29,2669,3,4,0,0,2,0,0.10,0.13,0.24,0.10,0.24,2.3,2.3,3.3,0.08,0.11,0.19,0.08,0.19,Matches
660,636,Wilfried Zahibo,cf CTA,MF,New England,25,1993,24,18,1505,1,1,0,0,8,1,0.06,0.06,0.12,0.06,0.12,1.2,1.2,0.5,0.07,0.03,0.10,0.07,0.10,Matches
661,637,Renzo Zambrano,ve VEN,MF,Portland,24,1994,10,9,783,0,0,0,0,4,1,0.00,0.00,0.00,0.00,0.00,0.4,0.4,0.3,0.04,0.03,0.08,0.04,0.08,Matches
662,638,Gyasi Zardes,us USA,FW,Columbus,27,1991,28,28,2473,13,2,3,3,0,0,0.47,0.07,0.55,0.36,0.44,13.8,11.6,2.0,0.50,0.07,0.58,0.42,0.49,Matches
663,639,Eriq Zavaleta,us USA,DF,Toronto FC,26,1992,16,11,1017,0,0,0,0,3,1,0.00,0.00,0.00,0.00,0.00,0.2,0.2,0.1,0.02,0.01,0.03,0.02,0.03,Matches
664,640,Gedion Zelalem,us USA,MF,Sporting KC,22,1997,9,5,435,0,0,0,0,1,0,0.00,0.00,0.00,0.00,0.00,0.2,0.2,0.1,0.05,0.02,0.07,0.05,0.07,Matches
665,641,Rodolfo Zelaya,sv SLV,FW,Los Angeles FC,30,1988,4,1,120,1,0,0,0,0,0,0.75,0.00,0.75,0.75,0.75,1.0,1.0,0.1,0.72,0.06,0.78,0.72,0.78,Matches
666,642,Adrian Zendejas,mx MEX,GK,Sporting KC,23,1995,1,1,90,0,0,0,0,0,0,0.00,0.00,0.00,0.00,0.00,0.0,0.0,0.0,0.00,0.00,0.00,0.00,0.00,Matches
667,643,Reto Ziegler,ch SUI,DF,FC Dallas,33,1986,32,32,2880,5,0,4,5,6,0,0.16,0.00,0.16,0.03,0.03,5.3,1.5,0.4,0.17,0.01,0.18,0.05,0.06,Matches
668,644,Walker Zimmerman,us USA,DF,Los Angeles FC,25,1993,25,25,2165,1,0,0,0,8,1,0.04,0.00,0.04,0.04,0.04,1.1,1.1,0.4,0.05,0.02,0.06,0.05,0.06,Matches
669,645,Ethan Zubak,us USA,"MF,FW",LA Galaxy,20,1998,3,0,43,0,0,0,0,0,0,0.00,0.00,0.00,0.00,0.00,0.7,0.7,0.1,1.44,0.29,1.72,1.44,1.72,Matches
670,646,Graham Zusi,us USA,DF,Sporting KC,32,1986,27,26,2351,0,1,0,0,5,0,0.00,0.04,0.04,0.00,0.04,1.3,1.3,3.9,0.05,0.15,0.20,0.05,0.20,Matches
