,club_id,first,last,nation,position,club,age,born,mp,starts,minutes,goals,assists,pk,pkatt,yellow_card,red_card
0,17,Brenden,Aaronson,us USA,"MF,FW",Philadelphia Union,18.0,2000.0,28.0,25.0,1706.0,3.0,1.0,0.0,0.0,3.0,0.0
1,21,Saad,Abdul-Salaam,us USA,DF,Seattle Sounders FC,27.0,1991.0,18.0,11.0,1067.0,0.0,0.0,0.0,0.0,2.0,0.0
2,3,Lalas,Abubakar,gh GHA,DF,Colorado Rapids,24.0,1994.0,22.0,22.0,1980.0,0.0,0.0,0.0,0.0,7.0,0.0
3,4,Lalas,Abubakar,gh GHA,DF,Columbus Crew,24.0,1994.0,1.0,1.0,90.0,0.0,0.0,0.0,0.0,0.0,0.0
4,17,David,Accam,gh GHA,FW,Philadelphia Union,28.0,1990.0,8.0,4.0,338.0,4.0,2.0,0.0,0.0,0.0,0.0
5,4,David,Accam,gh GHA,"FW,MF",Columbus Crew,28.0,1990.0,15.0,8.0,667.0,2.0,1.0,0.0,0.0,1.0,0.0
6,7,Bryan,Acosta,hn HON,MF,FC Dallas,25.0,1993.0,26.0,23.0,2073.0,2.0,1.0,0.0,0.0,12.0,0.0
7,16,Danilo,Acosta,us USA,DF,Orlando City SC,21.0,1997.0,8.0,8.0,667.0,0.0,0.0,0.0,0.0,1.0,0.0
8,3,Kellyn,Acosta,us USA,MF,Colorado Rapids,23.0,1995.0,31.0,30.0,2615.0,2.0,1.0,0.0,0.0,10.0,1.0
9,5,Luciano,Acosta,ar ARG,"MF,FW",DC United,24.0,1994.0,31.0,22.0,2122.0,6.0,1.0,0.0,0.0,0.0,1.0
10,1,Mo,Adams,eng ENG,"DF,MF",Atlanta United,22.0,1996.0,4.0,1.0,93.0,1.0,0.0,0.0,0.0,1.0,0.0
11,2,Mo,Adams,eng ENG,MF,Chicago Fire,22.0,1996.0,10.0,5.0,487.0,0.0,0.0,0.0,0.0,4.0,0.0
12,6,Fanendo,Adi,ng NGA,FW,FC Cincinnati,28.0,1990.0,12.0,7.0,700.0,1.0,0.0,0.0,0.0,1.0,0.0
13,24,Ali,Adnan Kadhim,iq IRQ,DF,Vancouver Whitecaps,25.0,1993.0,28.0,28.0,2410.0,1.0,3.0,0.0,1.0,6.0,0.0
14,20,François,Affolter,ch SUI,DF,San Jose Earthquakes,27.0,1991.0,1.0,1.0,90.0,0.0,0.0,0.0,0.0,0.0,0.0
15,4,Harrison,Afful,gh GHA,DF,Columbus Crew,32.0,1986.0,22.0,22.0,1903.0,0.0,2.0,0.0,0.0,3.0,1.0
16,13,Juan,Agudelo,us USA,"MF,FW",New England Revolution,26.0,1992.0,28.0,21.0,1954.0,3.0,1.0,0.0,0.0,7.0,0.0
17,16,Tesho,Akindele,ca CAN,FW,Orlando City SC,26.0,1992.0,28.0,22.0,1875.0,10.0,1.0,0.0,0.0,1.0,0.0
18,23,Ayo,Akinola,us USA,"FW,MF",Toronto FC,19.0,2000.0,8.0,2.0,257.0,1.0,0.0,0.0,0.0,1.0,0.0
19,6,Fatai,Alashe,us USA,"MF,DF",FC Cincinnati,25.0,1993.0,11.0,4.0,438.0,1.0,0.0,0.0,0.0,2.0,0.0
20,6,Nazmi,Albadawi,ps PLE,MF,FC Cincinnati,27.0,1991.0,1.0,0.0,10.0,0.0,0.0,0.0,0.0,0.0,0.0
21,9,Romain,Alessandrini,fr FRA,FW,LA Galaxy,29.0,1989.0,5.0,5.0,277.0,0.0,0.0,0.0,0.0,1.0,0.0
22,6,Eric,Alexander,us USA,"MF,FW",FC Cincinnati,30.0,1988.0,6.0,4.0,313.0,0.0,1.0,0.0,0.0,0.0,0.0
23,11,Osvaldo,Alonso,cu CUB,MF,Minnesota United,33.0,1985.0,27.0,27.0,2365.0,2.0,0.0,0.0,0.0,4.0,0.0
24,23,Jozy,Altidore,us USA,FW,Toronto FC,29.0,1989.0,22.0,18.0,1688.0,11.0,5.0,0.0,0.0,4.0,0.0
26,9,Efrain,Alvarez,mx MEX,"MF,FW",LA Galaxy,16.0,2002.0,14.0,4.0,523.0,0.0,3.0,0.0,0.0,2.0,1.0
27,9,Fabio,Álvarez,ar ARG,"MF,FW",LA Galaxy,26.0,1993.0,18.0,16.0,1260.0,3.0,4.0,0.0,0.0,5.0,0.0
28,5,Quincy,Amarikwa,us USA,FW,DC United,31.0,1987.0,23.0,3.0,429.0,1.0,0.0,0.0,0.0,3.0,0.0
29,6,Frankie,Amaya,us USA,MF,FC Cincinnati,18.0,2000.0,19.0,15.0,1238.0,0.0,0.0,0.0,0.0,2.0,0.0
30,1,Mikey,Ambrose,us USA,DF,Atlanta United,25.0,1993.0,4.0,3.0,266.0,0.0,0.0,0.0,0.0,2.0,0.0
31,15,Michael,Amir Murillo,pa PAN,DF,New York Red Bulls,22.0,1996.0,22.0,18.0,1696.0,1.0,3.0,0.0,0.0,6.0,1.0
32,3,Sebastian,Anderson,us USA,"DF,FW",Colorado Rapids,16.0,2002.0,6.0,5.0,314.0,1.0,0.0,0.0,0.0,1.0,1.0
33,13,Jalil,Anibaba,us USA,DF,New England Revolution,30.0,1988.0,22.0,19.0,1764.0,1.0,0.0,0.0,0.0,4.0,1.0
34,9,Uriel,Antuna,mx MEX,"FW,MF",LA Galaxy,21.0,1997.0,31.0,29.0,2413.0,6.0,5.0,0.0,0.0,1.0,0.0
35,7,Pablo,Aránguiz,cl CHI,"MF,FW",FC Dallas,21.0,1997.0,11.0,7.0,561.0,0.0,0.0,0.0,0.0,0.0,0.0
36,9,Julian,Araujo,us USA,"DF,FW",LA Galaxy,17.0,2001.0,18.0,10.0,895.0,0.0,1.0,0.0,0.0,3.0,0.0
37,24,Joaquín,Ardaiz,uy URU,FW,Vancouver Whitecaps,20.0,1999.0,16.0,3.0,415.0,0.0,0.0,0.0,0.0,1.0,0.0
38,4,Luis,Argudo,us USA,"FW,MF",Columbus Crew,23.0,1995.0,21.0,10.0,1065.0,1.0,3.0,0.0,0.0,1.0,0.0
39,21,Xavier,Arreaga,ec ECU,DF,Seattle Sounders FC,24.0,1994.0,14.0,12.0,1119.0,0.0,0.0,0.0,0.0,5.0,2.0
40,19,Luis,Arriaga,us USA,"DF,MF",Real Salt Lake,18.0,2001.0,2.0,0.0,5.0,0.0,0.0,0.0,0.0,0.0,0.0
41,5,Paul,Arriola,us USA,"FW,MF",DC United,23.0,1995.0,29.0,28.0,2425.0,6.0,2.0,0.0,0.0,6.0,1.0
42,4,Artur,,br BRA,MF,Columbus Crew,22.0,1996.0,30.0,28.0,2450.0,0.0,0.0,0.0,0.0,4.0,0.0
43,16,Carlos,Ascues,pe PER,"MF,DF",Orlando City SC,26.0,1992.0,17.0,14.0,1111.0,1.0,1.0,0.0,0.0,2.0,0.0
44,18,Dairon,Asprilla,co COL,"FW,MF",Portland Timbers,26.0,1992.0,13.0,7.0,564.0,2.0,0.0,1.0,1.0,1.0,1.0
45,18,Jeff,Attinella,us USA,GK,Portland Timbers,30.0,1988.0,10.0,10.0,900.0,0.0,0.0,0.0,0.0,0.0,0.0
46,7,Francis,Atuahene,gh GHA,FW,FC Dallas,22.0,1996.0,1.0,0.0,27.0,1.0,0.0,0.0,0.0,0.0,0.0
47,10,Eduard,Atuesta,co COL,MF,LAFC,21.0,1997.0,30.0,30.0,2631.0,3.0,8.0,0.0,0.0,8.0,0.0
48,23,Auro,,br BRA,DF,Toronto FC,23.0,1996.0,23.0,22.0,1883.0,0.0,3.0,0.0,0.0,0.0,0.0
49,2,Micheal,Azira,ug UGA,MF,Chicago Fire,31.0,1987.0,4.0,2.0,218.0,0.0,0.0,0.0,0.0,1.0,0.0
50,12,Micheal,Azira,ug UGA,MF,Montreal Impact,31.0,1987.0,19.0,16.0,1444.0,0.0,1.0,0.0,0.0,3.0,0.0
52,7,Dominique,Badji,sn SEN,FW,FC Dallas,26.0,1992.0,28.0,24.0,2029.0,6.0,3.0,0.0,0.0,6.0,0.0
53,24,Theo,Bair,ca CAN,"FW,MF",Vancouver Whitecaps,19.0,1999.0,17.0,10.0,822.0,2.0,2.0,0.0,0.0,1.0,0.0
54,19,Corey,Baird,us USA,"FW,MF",Real Salt Lake,23.0,1996.0,31.0,23.0,2098.0,5.0,3.0,0.0,0.0,6.0,0.0
55,24,Lass,Bangoura,gn GUI,FW,Vancouver Whitecaps,26.0,1992.0,17.0,7.0,634.0,1.0,1.0,0.0,0.0,1.0,0.0
56,22,Botond,Baráth,hu HUN,DF,Sporting Kansas City,26.0,1992.0,21.0,20.0,1748.0,1.0,0.0,0.0,0.0,6.0,0.0
57,1,Ezequiel,Barco,ar ARG,"FW,MF",Atlanta United,19.0,1999.0,15.0,11.0,975.0,4.0,2.0,0.0,0.0,1.0,0.0
58,15,Tom,Barlow,us USA,FW,New York Red Bulls,23.0,1995.0,12.0,8.0,602.0,3.0,0.0,0.0,0.0,0.0,0.0
59,7,Michael,Barrios,co COL,FW,FC Dallas,27.0,1991.0,32.0,31.0,2724.0,5.0,13.0,0.0,0.0,6.0,0.0
60,3,Cole,Bassett,us USA,MF,Colorado Rapids,17.0,2001.0,20.0,14.0,1059.0,2.0,1.0,0.0,0.0,1.0,0.0
61,12,Clement,Bayiha,ca CAN,"FW,MF",Montreal Impact,19.0,1999.0,11.0,4.0,473.0,0.0,1.0,0.0,0.0,0.0,0.0
62,8,DaMarcus,Beasley,us USA,DF,Houston Dynamo,36.0,1982.0,12.0,12.0,1030.0,0.0,2.0,0.0,0.0,0.0,0.0
63,19,Kyle,Beckerman,us USA,MF,Real Salt Lake,36.0,1982.0,25.0,24.0,2127.0,0.0,4.0,0.0,0.0,9.0,0.0
64,17,Alejandro,Bedoya,us USA,MF,Philadelphia Union,31.0,1987.0,32.0,32.0,2833.0,4.0,3.0,0.0,0.0,6.0,0.0
65,14,Dan,Bedoya,co COL,FW,New York City FC,24.0,1994.0,1.0,0.0,1.0,0.0,0.0,0.0,0.0,0.0,0.0
66,10,Steven,Beitashour,ir IRN,DF,LAFC,31.0,1987.0,25.0,24.0,1875.0,1.0,2.0,0.0,0.0,3.0,0.0
67,4,Joe,Bendik,us USA,GK,Columbus Crew,29.0,1989.0,6.0,6.0,540.0,0.0,0.0,0.0,0.0,0.0,0.0
68,23,Nicolas,Benezet,fr FRA,"FW,MF",Toronto FC,27.0,1991.0,8.0,5.0,438.0,2.0,0.0,0.0,0.0,2.0,0.0
69,6,Leonardo,Bertone,ch SUI,MF,FC Cincinnati,24.0,1994.0,25.0,22.0,2056.0,1.0,1.0,0.0,0.0,9.0,0.0
70,22,Matt,Besler,us USA,DF,Sporting Kansas City,31.0,1987.0,27.0,25.0,2112.0,0.0,0.0,0.0,0.0,4.0,1.0
71,19,Nick,Besler,us USA,MF,Real Salt Lake,25.0,1993.0,17.0,7.0,734.0,1.0,1.0,0.0,0.0,4.0,0.0
72,15,Vincent,Bezecourt,fr FRA,MF,New York Red Bulls,25.0,1993.0,8.0,7.0,449.0,0.0,0.0,0.0,0.0,0.0,0.0
73,9,David,Bingham,us USA,GK,LA Galaxy,29.0,1989.0,33.0,33.0,2970.0,0.0,0.0,0.0,0.0,1.0,0.0
74,5,Steve,Birnbaum,us USA,DF,DC United,28.0,1991.0,34.0,34.0,3031.0,1.0,0.0,0.0,0.0,5.0,0.0
75,8,José,Bizama,cl CHI,DF,Houston Dynamo,24.0,1994.0,5.0,4.0,354.0,0.0,0.0,0.0,0.0,1.0,0.0
76,10,Tristan,Blackmon,us USA,DF,LAFC,22.0,1996.0,18.0,15.0,1378.0,1.0,4.0,0.0,0.0,3.0,0.0
78,17,Andre,Blake,jm JAM,GK,Philadelphia Union,28.0,1990.0,26.0,26.0,2303.0,0.0,0.0,0.0,0.0,1.0,0.0
79,18,Sebastián,Blanco,ar ARG,"FW,MF",Portland Timbers,30.0,1988.0,30.0,28.0,2507.0,6.0,10.0,0.0,0.0,8.0,0.0
80,10,Latif,Blessing,gh GHA,MF,LAFC,22.0,1996.0,34.0,29.0,2691.0,6.0,3.0,0.0,0.0,7.0,0.0
81,3,Johan,Blomberg,se SWE,"MF,FW",Colorado Rapids,31.0,1987.0,3.0,1.0,88.0,0.0,0.0,0.0,0.0,2.0,1.0
82,9,Emmanuel,Boateng,gh GHA,"FW,MF",LA Galaxy,25.0,1994.0,21.0,7.0,887.0,1.0,0.0,0.0,0.0,1.0,0.0
83,5,Emmanuel,Boateng,gh GHA,"FW,MF",DC United,25.0,1994.0,3.0,0.0,54.0,0.0,0.0,0.0,0.0,0.0,0.0
84,6,Corben,Bone,us USA,"MF,FW",FC Cincinnati,30.0,1988.0,6.0,2.0,187.0,0.0,0.0,0.0,0.0,0.0,0.0
85,23,Alex,Bono,us USA,GK,Toronto FC,24.0,1994.0,7.0,6.0,556.0,0.0,0.0,0.0,0.0,0.0,0.0
86,2,Jonathan,Bornstein,us USA,DF,Chicago Fire,34.0,1984.0,11.0,11.0,911.0,0.0,0.0,0.0,0.0,1.0,0.0
87,13,Gustavo,Bou,ar ARG,"FW,MF",New England Revolution,28.0,1990.0,14.0,13.0,1152.0,9.0,1.0,0.0,0.0,1.0,0.0
88,11,Michael,Boxall,nz NZL,DF,Minnesota United,30.0,1988.0,29.0,29.0,2576.0,2.0,0.0,0.0,0.0,3.0,0.0
89,23,Terrence,Boyd,us USA,"FW,MF",Toronto FC,27.0,1991.0,11.0,3.0,345.0,0.0,0.0,0.0,0.0,1.0,0.0
90,23,Michael,Bradley,us USA,MF,Toronto FC,31.0,1987.0,27.0,26.0,2373.0,3.0,1.0,0.0,0.0,4.0,0.0
91,12,Zachary,Brault-Guillard,ca CAN,DF,Montreal Impact,20.0,1998.0,13.0,9.0,874.0,0.0,1.0,0.0,0.0,1.0,0.0
92,7,Bressan,,br BRA,DF,FC Dallas,26.0,1993.0,18.0,12.0,1120.0,1.0,1.0,0.0,0.0,1.0,0.0
93,10,Shaft,Brewer,us USA,DF,LAFC,19.0,1999.0,1.0,1.0,90.0,0.0,0.0,0.0,0.0,0.0,0.0
94,5,Frédéric,Brillant,fr FRA,DF,DC United,33.0,1985.0,34.0,33.0,2959.0,2.0,1.0,0.0,0.0,5.0,0.0
95,2,Brandt,Bronico,us USA,"MF,DF",Chicago Fire,23.0,1995.0,29.0,20.0,1866.0,1.0,2.0,0.0,0.0,2.0,0.0
96,12,Omar,Browne,pa PAN,"FW,MF",Montreal Impact,24.0,1994.0,10.0,5.0,564.0,2.0,1.0,0.0,0.0,1.0,0.0
97,21,Will,Bruin,us USA,FW,Seattle Sounders FC,29.0,1989.0,9.0,4.0,429.0,2.0,1.0,0.0,0.0,1.0,0.0
98,13,Tajon,Buchanan,ca CAN,MF,New England Revolution,19.0,1999.0,10.0,4.0,392.0,0.0,2.0,0.0,0.0,0.0,0.0
99,15,Rece,Buckmaster,us USA,DF,New York Red Bulls,22.0,1996.0,6.0,6.0,540.0,0.0,0.0,0.0,0.0,1.0,0.0
100,13,Teal,Bunbury,us USA,"FW,MF",New England Revolution,28.0,1990.0,32.0,25.0,2189.0,6.0,2.0,0.0,0.0,2.0,0.0
101,17,Cory,Burke,jm JAM,FW,Philadelphia Union,27.0,1991.0,7.0,5.0,490.0,2.0,0.0,0.0,0.0,2.0,0.0
102,12,Evan,Bush,us USA,GK,Montreal Impact,32.0,1986.0,32.0,32.0,2880.0,0.0,0.0,0.0,0.0,3.0,0.0
104,22,Gianluca,Busio,us USA,MF,Sporting Kansas City,16.0,2002.0,22.0,10.0,928.0,3.0,1.0,0.0,0.0,1.0,0.0
105,21,Handwalla,Bwana,ae UAE,FW,Seattle Sounders FC,21.0,1997.0,15.0,6.0,572.0,1.0,1.0,0.0,0.0,1.0,0.0
106,13,Brandon,Bye,us USA,DF,New England Revolution,23.0,1995.0,30.0,30.0,2655.0,2.0,2.0,0.0,0.0,6.0,1.0
107,12,Víctor,Cabrera,ar ARG,DF,Montreal Impact,25.0,1993.0,16.0,13.0,1180.0,0.0,0.0,0.0,0.0,2.0,0.0
108,13,Luís,Caicedo,co COL,MF,New England Revolution,22.0,1996.0,31.0,27.0,2354.0,0.0,0.0,1.0,1.0,5.0,0.0
109,13,Scott,Caldwell,us USA,MF,New England Revolution,27.0,1991.0,20.0,12.0,1082.0,0.0,0.0,0.0,0.0,2.0,0.0
110,14,Alexander,Callens,pe PER,DF,New York City FC,26.0,1992.0,24.0,24.0,2160.0,0.0,0.0,0.0,0.0,3.0,0.0
111,20,Eric,Calvillo,us USA,"MF,DF",San Jose Earthquakes,21.0,1998.0,2.0,1.0,74.0,0.0,0.0,0.0,0.0,0.0,0.0
112,2,Francisco,Calvo,cr CRC,DF,Chicago Fire,26.0,1992.0,23.0,21.0,1936.0,3.0,1.0,0.0,0.0,4.0,0.0
113,11,Francisco,Calvo,cr CRC,DF,Minnesota United,26.0,1992.0,7.0,7.0,629.0,1.0,0.0,0.0,0.0,4.0,1.0
114,12,Rudy,Camacho,fr FRA,DF,Montreal Impact,27.0,1991.0,17.0,16.0,1463.0,1.0,0.0,0.0,0.0,4.0,0.0
115,21,Jonathan,Campbell,us USA,DF,Seattle Sounders FC,25.0,1993.0,4.0,4.0,360.0,0.0,0.0,0.0,0.0,1.0,0.0
116,2,Diego,Campos,cr CRC,DF,Chicago Fire,23.0,1995.0,10.0,5.0,440.0,0.0,0.0,0.0,0.0,1.0,0.0
117,7,Reggie,Cannon,us USA,DF,FC Dallas,20.0,1998.0,28.0,26.0,2268.0,1.0,1.0,0.0,0.0,7.0,0.0
118,5,Russell,Canouse,us USA,"MF,DF",DC United,23.0,1995.0,26.0,25.0,2146.0,0.0,0.0,0.0,0.0,5.0,0.0
119,1,Andrew,Carleton,us USA,"MF,FW",Atlanta United,18.0,2000.0,3.0,0.0,67.0,0.0,0.0,0.0,0.0,0.0,0.0
120,9,Servando,Carrasco,us USA,MF,LA Galaxy,30.0,1988.0,16.0,3.0,396.0,0.0,0.0,0.0,0.0,2.0,0.0
121,18,Julio,Cascante,cr CRC,DF,Portland Timbers,25.0,1993.0,22.0,16.0,1442.0,0.0,1.0,0.0,0.0,4.0,1.0
122,15,Cristian,Cásseres,ve VEN,MF,New York Red Bulls,19.0,2000.0,23.0,21.0,1797.0,3.0,3.0,0.0,0.0,5.0,0.0
123,14,Valentín,Castellanos,ar ARG,FW,New York City FC,20.0,1998.0,30.0,23.0,2048.0,11.0,6.0,0.0,0.0,7.0,0.0
124,13,Edgar,Castillo,us USA,DF,New England Revolution,32.0,1986.0,20.0,20.0,1689.0,0.0,5.0,0.0,0.0,2.0,0.0
125,21,Emanuel,Cecchini,ar ARG,MF,Seattle Sounders FC,22.0,1996.0,4.0,1.0,157.0,0.0,0.0,0.0,0.0,1.0,0.0
126,8,Darwin,Cerén,sv SLV,MF,Houston Dynamo,29.0,1989.0,13.0,5.0,536.0,1.0,0.0,0.0,0.0,1.0,0.0
127,7,Edwin,Cerrillo,us USA,MF,FC Dallas,18.0,2000.0,12.0,11.0,916.0,0.0,0.0,0.0,0.0,2.0,0.0
128,11,Thomás,Chacón,uy URU,FW,Minnesota United,18.0,2000.0,2.0,1.0,85.0,0.0,0.0,0.0,0.0,0.0,0.0
130,14,Maxime,Chanot,lu LUX,DF,New York City FC,29.0,1989.0,31.0,31.0,2790.0,0.0,0.0,0.0,0.0,11.0,0.0
131,23,Jay,Chapman,ca CAN,"MF,FW",Toronto FC,25.0,1994.0,17.0,5.0,529.0,2.0,2.0,0.0,0.0,1.0,0.0
132,18,Diego,Chará,co COL,MF,Portland Timbers,32.0,1986.0,30.0,29.0,2606.0,0.0,1.0,0.0,0.0,12.0,1.0
133,24,Michaell,Chirinos,hn HON,"MF,FW",Vancouver Whitecaps,23.0,1995.0,7.0,4.0,412.0,1.0,1.0,0.0,0.0,2.0,0.0
134,12,Mathieu,Choiniere,ca CAN,"FW,MF",Montreal Impact,19.0,1999.0,17.0,6.0,685.0,0.0,1.0,0.0,0.0,1.0,0.0
135,23,Laurent,Ciman,be BEL,DF,Toronto FC,33.0,1985.0,17.0,14.0,1264.0,0.0,0.0,0.0,0.0,3.0,0.0
136,4,Ricardo,Clark,us USA,MF,Columbus Crew,35.0,1983.0,7.0,4.0,361.0,0.0,0.0,0.0,0.0,0.0,0.0
137,18,Steve,Clark,us USA,GK,Portland Timbers,32.0,1986.0,24.0,24.0,2160.0,0.0,0.0,0.0,0.0,2.0,0.0
138,17,Aurélien,Collin,fr FRA,DF,Philadelphia Union,32.0,1986.0,6.0,6.0,529.0,0.0,0.0,0.0,0.0,2.0,0.0
139,16,Josué,Colmán,py PAR,"FW,MF",Orlando City SC,20.0,1998.0,8.0,1.0,160.0,0.0,1.0,0.0,0.0,0.0,0.0
140,18,Tomás,Conechny,ar ARG,"FW,MF",Portland Timbers,20.0,1998.0,16.0,2.0,356.0,1.0,2.0,0.0,0.0,2.0,0.0
141,24,Derek,Cornelius,ca CAN,DF,Vancouver Whitecaps,21.0,1997.0,17.0,16.0,1425.0,1.0,0.0,0.0,0.0,4.0,0.0
142,9,Joe,Corona,us USA,MF,LA Galaxy,28.0,1990.0,31.0,26.0,2323.0,1.0,1.0,0.0,0.0,6.0,0.0
143,17,Carlos,Coronel,br BRA,GK,Philadelphia Union,22.0,1996.0,4.0,3.0,320.0,0.0,0.0,0.0,0.0,0.0,0.0
144,17,Warren,Creavalle,us USA,MF,Philadelphia Union,28.0,1990.0,13.0,5.0,369.0,0.0,1.0,0.0,0.0,0.0,0.0
145,24,Maxime,Crépeau,ca CAN,GK,Vancouver Whitecaps,24.0,1994.0,26.0,26.0,2340.0,0.0,0.0,0.0,0.0,2.0,0.0
146,4,Alex,Crognale,us USA,DF,Columbus Crew,24.0,1994.0,12.0,9.0,884.0,0.0,0.0,0.0,0.0,5.0,0.0
147,22,Yohan,Croizet,fr FRA,"FW,DF",Sporting Kansas City,26.0,1992.0,20.0,12.0,1092.0,3.0,1.0,0.0,0.0,4.0,0.0
148,13,Cody,Cropper,us USA,GK,New England Revolution,25.0,1993.0,7.0,7.0,630.0,0.0,0.0,0.0,0.0,1.0,0.0
149,6,Allan,Cruz,cr CRC,"MF,FW",FC Cincinnati,22.0,1996.0,22.0,21.0,1734.0,7.0,0.0,0.0,0.0,5.0,0.0
150,9,Emil,Cuello,us USA,"MF,FW",LA Galaxy,21.0,1997.0,9.0,2.0,195.0,0.0,2.0,0.0,0.0,1.0,0.0
151,20,Harold,Cummings,pa PAN,DF,San Jose Earthquakes,26.0,1992.0,16.0,16.0,1389.0,0.0,0.0,0.0,0.0,5.0,0.0
152,6,Rashawn,Dally,jm JAM,FW,FC Cincinnati,22.0,1997.0,12.0,8.0,544.0,1.0,0.0,0.0,0.0,0.0,0.0
153,20,Mario,Daniel Vega,ar ARG,GK,San Jose Earthquakes,34.0,1984.0,34.0,34.0,3060.0,0.0,0.0,0.0,0.0,1.0,0.0
154,11,Abu,Danladi,gh GHA,"FW,MF",Minnesota United,23.0,1995.0,24.0,4.0,718.0,2.0,2.0,0.0,0.0,3.0,0.0
156,8,Juan,David Cabezas,co COL,MF,Houston Dynamo,27.0,1991.0,15.0,5.0,538.0,1.0,0.0,0.0,0.0,4.0,0.0
157,15,Sean,Davis,us USA,MF,New York Red Bulls,25.0,1993.0,30.0,28.0,2557.0,0.0,1.0,0.0,0.0,0.0,0.0
158,16,Alex,DeJohn,us USA,DF,Orlando City SC,27.0,1991.0,6.0,6.0,403.0,0.0,0.0,0.0,0.0,1.0,0.0
159,8,A.J.,DeLaGarza,gu GUM,DF,Houston Dynamo,31.0,1987.0,23.0,23.0,1991.0,0.0,1.0,0.0,0.0,5.0,0.0
160,13,Antonio,Delamea Mlinar,si SVN,DF,New England Revolution,27.0,1991.0,17.0,16.0,1366.0,2.0,1.0,0.0,0.0,7.0,1.0
161,21,Jordy,Delem,mq MTQ,MF,Seattle Sounders FC,25.0,1993.0,23.0,17.0,1437.0,0.0,0.0,0.0,0.0,4.0,0.0
162,23,Nick,DeLeon,us USA,"MF,FW",Toronto FC,28.0,1990.0,32.0,23.0,1853.0,6.0,1.0,0.0,0.0,2.0,0.0
163,23,Marky,Delgado,us USA,MF,Toronto FC,23.0,1995.0,30.0,29.0,2548.0,2.0,5.0,0.0,0.0,4.0,0.0
164,6,Mathieu,Deplagne,fr FRA,DF,FC Cincinnati,27.0,1991.0,33.0,33.0,2875.0,1.0,1.0,0.0,0.0,4.0,0.0
165,6,Maikel,van der Werff,nl NED,DF,FC Cincinnati,29.0,1989.0,11.0,11.0,990.0,0.0,0.0,0.0,0.0,2.0,0.0
166,8,Tyler,Deric,us USA,GK,Houston Dynamo,30.0,1988.0,7.0,7.0,630.0,0.0,0.0,0.0,0.0,0.0,0.0
167,21,Justin,Dhillon,us USA,FW,Seattle Sounders FC,23.0,1995.0,5.0,3.0,264.0,0.0,0.0,0.0,0.0,0.0,0.0
168,12,Zakaria,Diallo,fr FRA,DF,Montreal Impact,32.0,1986.0,24.0,23.0,2036.0,3.0,2.0,0.0,0.0,2.0,1.0
169,4,Luis,Díaz,cr CRC,"FW,MF",Columbus Crew,20.0,1998.0,13.0,9.0,796.0,2.0,3.0,0.0,0.0,1.0,0.0
170,22,Eric,Dick,us USA,GK,Sporting Kansas City,24.0,1994.0,1.0,1.0,90.0,0.0,0.0,0.0,0.0,0.0,0.0
171,18,Claude,Dielna,GPE,DF,Portland Timbers,31.0,1987.0,15.0,12.0,1087.0,0.0,0.0,0.0,0.0,3.0,0.0
172,10,Adama,Diomande,no NOR,FW,LAFC,28.0,1990.0,25.0,15.0,1436.0,8.0,5.0,0.0,0.0,1.0,0.0
173,12,Clément,Diop,sn SEN,GK,Montreal Impact,25.0,1993.0,2.0,2.0,180.0,0.0,0.0,0.0,0.0,0.0,0.0
174,23,Griffin,Dorsey,us USA,DF,Toronto FC,19.0,1999.0,1.0,0.0,4.0,0.0,0.0,0.0,0.0,0.0,0.0
175,9,Jonathan,dos Santos,mx MEX,MF,LA Galaxy,28.0,1990.0,29.0,29.0,2542.0,2.0,3.0,1.0,1.0,5.0,0.0
176,11,Hassani,Dotson,us USA,"DF,MF",Minnesota United,21.0,1997.0,24.0,15.0,1410.0,4.0,0.0,0.0,0.0,2.0,0.0
177,15,Kyle,Duncan,us USA,DF,New York Red Bulls,21.0,1997.0,13.0,13.0,1078.0,1.0,2.0,0.0,0.0,4.0,0.0
178,5,Chris,Durkin,us USA,MF,DC United,18.0,2000.0,13.0,7.0,640.0,1.0,0.0,0.0,0.0,1.0,0.0
179,8,Chris,Duvall,us USA,DF,Houston Dynamo,27.0,1991.0,1.0,1.0,90.0,0.0,0.0,0.0,0.0,0.0,0.0
180,16,Dom,Dwyer,us USA,FW,Orlando City SC,28.0,1990.0,27.0,16.0,1616.0,7.0,3.0,0.0,0.0,6.0,1.0
182,18,Jeremy,Ebobisse,us USA,FW,Portland Timbers,21.0,1997.0,34.0,25.0,2307.0,11.0,1.0,0.0,0.0,3.0,0.0
183,2,Raheem,Edwards,ca CAN,DF,Chicago Fire,23.0,1995.0,4.0,2.0,245.0,1.0,0.0,0.0,0.0,2.0,0.0
184,8,Alberth,Elis,hn HON,"FW,MF",Houston Dynamo,22.0,1996.0,26.0,22.0,1923.0,9.0,8.0,2.0,2.0,6.0,1.0
185,17,Jack,Elliott,eng ENG,DF,Philadelphia Union,23.0,1995.0,34.0,34.0,3060.0,2.0,0.0,0.0,0.0,4.0,0.0
186,23,Tsubasa,Endoh,jp JPN,"FW,MF",Toronto FC,25.0,1993.0,13.0,10.0,873.0,3.0,2.0,0.0,0.0,1.0,0.0
187,15,Marcus,Epps,us USA,"MF,DF",New York Red Bulls,24.0,1995.0,3.0,1.0,110.0,0.0,0.0,0.0,0.0,0.0,0.0
188,24,Jon,Erice,es ESP,MF,Vancouver Whitecaps,32.0,1986.0,21.0,21.0,1747.0,0.0,1.0,0.0,0.0,2.0,0.0
189,20,Magnus,Eriksson,se SWE,MF,San Jose Earthquakes,28.0,1990.0,32.0,32.0,2802.0,6.0,7.0,1.0,1.0,5.0,0.0
190,1,Franco,Escobar,ar ARG,DF,Atlanta United,23.0,1995.0,25.0,22.0,2013.0,1.0,2.0,0.0,0.0,9.0,0.0
191,20,Cristian,Espinoza,ar ARG,"FW,MF",San Jose Earthquakes,23.0,1995.0,30.0,30.0,2524.0,2.0,10.0,0.0,0.0,8.0,2.0
192,22,Roger,Espinoza,hn HON,MF,Sporting Kansas City,32.0,1986.0,16.0,15.0,1140.0,0.0,1.0,0.0,0.0,5.0,3.0
193,6,Derrick,Etienne,ht HAI,FW,FC Cincinnati,22.0,1996.0,5.0,2.0,220.0,0.0,0.0,0.0,0.0,0.0,0.0
194,15,Derrick,Etienne,ht HAI,"FW,MF",New York Red Bulls,22.0,1996.0,11.0,5.0,467.0,1.0,1.0,0.0,0.0,0.0,0.0
195,17,Marco,Fabián,mx MEX,"MF,FW",Philadelphia Union,29.0,1989.0,23.0,15.0,1246.0,7.0,1.0,2.0,4.0,5.0,1.0
196,17,Fabinho,,br BRA,DF,Philadelphia Union,33.0,1985.0,1.0,1.0,90.0,0.0,0.0,0.0,0.0,0.0,0.0
197,13,Diego,Fagúndez,uy URU,"MF,FW",New England Revolution,23.0,1995.0,25.0,13.0,1175.0,2.0,3.0,0.0,1.0,2.0,0.0
198,12,Rod,Fanni,fr FRA,DF,Montreal Impact,37.0,1981.0,3.0,3.0,270.0,0.0,0.0,0.0,0.0,0.0,0.0
199,18,Marco,Farfan,us USA,DF,Portland Timbers,20.0,1998.0,3.0,3.0,189.0,0.0,0.0,0.0,0.0,2.0,0.0
200,13,Andrew,Farrell,us USA,DF,New England Revolution,26.0,1992.0,29.0,29.0,2602.0,0.0,1.0,0.0,0.0,7.0,0.0
201,22,Benny,Feilhaber,us USA,MF,Sporting Kansas City,34.0,1985.0,17.0,13.0,1100.0,2.0,1.0,0.0,0.0,3.0,0.0
202,3,Benny,Feilhaber,us USA,MF,Colorado Rapids,34.0,1985.0,9.0,7.0,619.0,2.0,2.0,0.0,0.0,3.0,0.0
203,24,Felipe,,br BRA,MF,Vancouver Whitecaps,28.0,1990.0,18.0,13.0,1142.0,1.0,0.0,0.0,0.0,5.0,0.0
204,5,Felipe,,br BRA,MF,DC United,28.0,1990.0,9.0,9.0,774.0,0.0,0.0,0.0,0.0,1.0,0.0
205,20,Luis,Felipe,br BRA,MF,San Jose Earthquakes,23.0,1996.0,3.0,0.0,42.0,0.0,0.0,0.0,0.0,1.0,0.0
206,9,Rolf,Feltscher,ve VEN,DF,LA Galaxy,28.0,1990.0,25.0,25.0,2178.0,1.0,3.0,0.0,0.0,7.0,0.0
208,22,Gerso,Fernandes,gw GNB,"FW,MF",Sporting Kansas City,27.0,1991.0,25.0,20.0,1745.0,2.0,6.0,0.0,0.0,5.0,0.0
209,18,Brian,Fernández,ar ARG,FW,Portland Timbers,24.0,1994.0,19.0,16.0,1409.0,11.0,1.0,0.0,0.0,4.0,1.0
210,15,Omir,Fernandez,us USA,"FW,MF",New York Red Bulls,19.0,1999.0,18.0,3.0,580.0,2.0,1.0,0.0,0.0,0.0,0.0
211,13,Juan,Fernando Caicedo,co COL,FW,New England Revolution,29.0,1989.0,27.0,13.0,1073.0,5.0,2.0,0.0,0.0,2.0,0.0
212,7,Jesus,Ferreira,us USA,"FW,MF",FC Dallas,18.0,2000.0,33.0,29.0,2439.0,8.0,5.0,0.0,0.0,4.0,0.0
213,2,Marcelo,dos Santos Ferreira,br BRA,DF,Chicago Fire,29.0,1989.0,16.0,12.0,1151.0,0.0,0.0,0.0,0.0,1.0,0.0
214,20,Carlos,Fierro,mx MEX,"FW,MF",San Jose Earthquakes,24.0,1994.0,7.0,2.0,229.0,0.0,0.0,0.0,0.0,0.0,0.0
215,8,Maynor,Figueroa,hn HON,DF,Houston Dynamo,35.0,1983.0,25.0,25.0,2249.0,0.0,1.0,0.0,0.0,6.0,1.0
216,11,Ethan,Finlay,us USA,"FW,MF",Minnesota United,28.0,1990.0,33.0,22.0,1911.0,7.0,2.0,2.0,2.0,3.0,0.0
217,18,Andrés,Flores,sv SLV,MF,Portland Timbers,28.0,1990.0,15.0,9.0,778.0,0.0,1.0,0.0,0.0,0.0,0.0
218,17,Anthony,Fontana,us USA,"MF,FW",Philadelphia Union,19.0,1999.0,8.0,0.0,127.0,1.0,0.0,0.0,0.0,0.0,0.0
219,22,Andreu,Fontàs,es ESP,DF,Sporting Kansas City,29.0,1989.0,13.0,10.0,967.0,0.0,0.0,0.0,0.0,2.0,0.0
220,4,Waylon,Francis,cr CRC,DF,Columbus Crew,28.0,1990.0,17.0,16.0,1382.0,0.0,0.0,0.0,0.0,3.0,0.0
221,2,Przemysław,Frankowski,pl POL,"FW,MF",Chicago Fire,23.0,1995.0,31.0,24.0,2303.0,5.0,7.0,0.0,0.0,3.0,0.0
222,23,Liam,Fraser,ca CAN,"MF,DF",Toronto FC,20.0,1998.0,9.0,9.0,810.0,0.0,0.0,0.0,0.0,3.0,0.0
223,17,Matt,Freese,us USA,GK,Philadelphia Union,20.0,1998.0,6.0,5.0,437.0,0.0,0.0,0.0,0.0,0.0,0.0
224,21,Stefan,Frei,ch SUI,GK,Seattle Sounders FC,32.0,1986.0,34.0,34.0,3060.0,0.0,0.0,0.0,0.0,1.0,0.0
225,8,Alejandro,Fuenmayor,ve VEN,DF,Houston Dynamo,22.0,1996.0,8.0,8.0,698.0,0.0,1.0,0.0,0.0,3.0,0.0
226,20,Gilbert,Fuentes,us USA,FW,San Jose Earthquakes,16.0,2002.0,1.0,0.0,3.0,0.0,0.0,0.0,0.0,0.0,0.0
227,17,Ray,Gaddis,us USA,DF,Philadelphia Union,29.0,1990.0,34.0,34.0,2958.0,0.0,1.0,0.0,0.0,2.0,0.0
228,2,Nicolás,Gaitán,ar ARG,MF,Chicago Fire,30.0,1988.0,27.0,25.0,2006.0,4.0,11.0,1.0,3.0,2.0,1.0
229,23,Erickson,Gallardo,ve VEN,"MF,FW",Toronto FC,25.0,1993.0,5.0,4.0,241.0,0.0,1.0,0.0,0.0,0.0,0.0
230,8,Boniek,García,hn HON,MF,Houston Dynamo,34.0,1984.0,32.0,30.0,2577.0,0.0,1.0,0.0,0.0,5.0,0.0
231,8,Kevin,Garcia,us USA,DF,Houston Dynamo,28.0,1990.0,12.0,8.0,816.0,0.0,0.0,0.0,0.0,1.0,0.0
232,6,Greg,Garza,us USA,DF,FC Cincinnati,27.0,1991.0,13.0,11.0,908.0,0.0,0.0,0.0,0.0,1.0,0.0
234,11,Chase,Gasper,us USA,DF,Minnesota United,23.0,1996.0,15.0,14.0,1293.0,0.0,0.0,0.0,0.0,7.0,1.0
235,13,Carles,Gil,es ESP,"MF,FW",New England Revolution,26.0,1992.0,34.0,34.0,3051.0,10.0,12.0,4.0,5.0,5.0,0.0
236,19,Justen,Glad,us USA,DF,Real Salt Lake,21.0,1997.0,23.0,23.0,2063.0,0.0,0.0,0.0,0.0,2.0,0.0
237,20,Aníbal,Godoy,pa PAN,MF,San Jose Earthquakes,28.0,1990.0,15.0,15.0,1343.0,0.0,1.0,0.0,0.0,8.0,0.0
238,24,Erik,Godoy,ar ARG,DF,Vancouver Whitecaps,25.0,1993.0,29.0,28.0,2597.0,1.0,1.0,0.0,0.0,6.0,0.0
239,1,Leandro,González Pirez,ar ARG,DF,Atlanta United,26.0,1992.0,31.0,31.0,2699.0,1.0,0.0,0.0,0.0,11.0,1.0
240,9,Giancarlo,González,cr CRC,DF,LA Galaxy,30.0,1988.0,20.0,15.0,1434.0,1.0,0.0,0.0,0.0,5.0,0.0
241,7,Jesse,Gonzalez,mx MEX,GK,FC Dallas,23.0,1995.0,32.0,32.0,2880.0,0.0,0.0,0.0,0.0,5.0,0.0
242,23,Omar,Gonzalez,us USA,DF,Toronto FC,30.0,1988.0,14.0,14.0,1260.0,1.0,1.0,0.0,0.0,0.0,0.0
243,11,Ján,Greguš,sk SVK,MF,Minnesota United,28.0,1991.0,30.0,30.0,2677.0,1.0,9.0,0.0,0.0,4.0,1.0
244,1,Julian,Gressel,de GER,"DF,FW",Atlanta United,25.0,1993.0,33.0,31.0,2686.0,6.0,11.0,0.0,0.0,3.0,0.0
245,7,Carlos,Gruezo,ec ECU,MF,FC Dallas,23.0,1995.0,9.0,9.0,783.0,1.0,0.0,0.0,0.0,1.0,0.0
246,22,Felipe,Gutiérrez,cl CHI,MF,Sporting Kansas City,28.0,1990.0,32.0,31.0,2716.0,12.0,1.0,5.0,6.0,11.0,0.0
247,2,Jeremiah,Gutjahr,us USA,DF,Chicago Fire,21.0,1997.0,8.0,5.0,503.0,0.0,1.0,0.0,0.0,1.0,0.0
248,6,Andrew,Gutman,us USA,DF,FC Cincinnati,22.0,1996.0,8.0,5.0,483.0,0.0,1.0,0.0,0.0,2.0,0.0
249,1,Brad,Guzan,us USA,GK,Atlanta United,34.0,1984.0,34.0,34.0,3060.0,0.0,0.0,0.0,0.0,0.0,0.0
250,18,David,Guzmán,cr CRC,MF,Portland Timbers,28.0,1990.0,5.0,4.0,348.0,0.0,1.0,0.0,0.0,0.0,0.0
251,4,David,Guzmán,cr CRC,MF,Columbus Crew,28.0,1990.0,16.0,13.0,1137.0,0.0,0.0,0.0,0.0,6.0,0.0
252,7,Edwin,Gyasi,gh GHA,FW,FC Dallas,27.0,1991.0,4.0,1.0,84.0,0.0,0.0,0.0,0.0,0.0,0.0
253,6,Joe,Gyau,us USA,"FW,MF",FC Cincinnati,26.0,1992.0,8.0,5.0,461.0,0.0,0.0,0.0,0.0,0.0,1.0
254,14,Justin,Haak,us USA,MF,New York City FC,17.0,2001.0,3.0,0.0,7.0,0.0,0.0,0.0,0.0,0.0,0.0
255,6,Nick,Hagglund,us USA,DF,FC Cincinnati,26.0,1992.0,22.0,20.0,1803.0,0.0,0.0,0.0,0.0,2.0,0.0
256,8,Marlon,Hairston,us USA,FW,Houston Dynamo,24.0,1994.0,12.0,5.0,412.0,0.0,0.0,0.0,0.0,0.0,0.0
257,20,Siad,Haji,so SOM,"DF,MF",San Jose Earthquakes,19.0,1999.0,4.0,0.0,44.0,0.0,0.0,0.0,0.0,0.0,0.0
258,10,Niko,Hämäläinen,fi FIN,DF,LAFC,21.0,1997.0,3.0,1.0,96.0,0.0,1.0,0.0,0.0,0.0,0.0
260,5,Bill,Hamid,us USA,GK,DC United,28.0,1990.0,33.0,33.0,2970.0,0.0,0.0,0.0,0.0,0.0,0.0
261,23,Jordan,Hamilton,ca CAN,FW,Toronto FC,22.0,1996.0,14.0,7.0,624.0,4.0,0.0,0.0,0.0,0.0,0.0
262,4,Jordan,Hamilton,ca CAN,FW,Columbus Crew,22.0,1996.0,4.0,0.0,60.0,0.0,0.0,0.0,0.0,0.0,0.0
263,4,Niko,Hansen,dk DEN,"MF,DF",Columbus Crew,24.0,1994.0,9.0,2.0,252.0,0.0,0.0,0.0,0.0,1.0,0.0
264,8,Niko,Hansen,dk DEN,"MF,FW",Houston Dynamo,24.0,1994.0,4.0,0.0,38.0,0.0,0.0,0.0,0.0,0.0,0.0
265,10,Jordan,Harvey,us USA,DF,LAFC,35.0,1984.0,30.0,28.0,2359.0,1.0,4.0,0.0,0.0,4.0,0.0
266,22,Nicolas,Hasler,li LIE,DF,Sporting Kansas City,27.0,1991.0,9.0,7.0,636.0,0.0,0.0,0.0,0.0,0.0,0.0
267,2,Nicolas,Hasler,li LIE,DF,Chicago Fire,27.0,1991.0,3.0,1.0,74.0,0.0,0.0,0.0,0.0,0.0,0.0
268,7,Jacori,Hayes,us USA,MF,FC Dallas,23.0,1995.0,19.0,8.0,854.0,0.0,2.0,0.0,0.0,1.0,0.0
269,14,Héber,,br BRA,FW,New York City FC,27.0,1991.0,22.0,18.0,1573.0,15.0,3.0,0.0,0.0,1.0,0.0
270,7,Matt,Hedges,us USA,DF,FC Dallas,28.0,1990.0,33.0,33.0,2883.0,1.0,0.0,0.0,0.0,5.0,1.0
271,24,Doneil,Henry,ca CAN,DF,Vancouver Whitecaps,25.0,1993.0,25.0,24.0,2123.0,4.0,0.0,0.0,0.0,3.0,0.0
272,2,Fabian,Herbers,de GER,"MF,FW",Chicago Fire,25.0,1993.0,17.0,7.0,780.0,3.0,1.0,0.0,0.0,3.0,0.0
273,22,Felipe,Hernandez,us USA,MF,Sporting Kansas City,20.0,1998.0,2.0,1.0,96.0,0.0,0.0,0.0,0.0,0.0,0.0
274,19,Aaron,Herrera,us USA,DF,Real Salt Lake,21.0,1997.0,32.0,31.0,2768.0,0.0,3.0,0.0,0.0,7.0,1.0
275,4,Federico,Higuaín,ar ARG,MF,Columbus Crew,34.0,1984.0,14.0,13.0,1129.0,1.0,3.0,0.0,1.0,2.0,0.0
276,16,Cristian,Higuita,co COL,MF,Orlando City SC,25.0,1994.0,9.0,7.0,643.0,0.0,0.0,0.0,0.0,5.0,0.0
277,20,Danny,Hoesen,nl NED,FW,San Jose Earthquakes,28.0,1991.0,30.0,12.0,1478.0,5.0,3.0,0.0,0.0,1.0,0.0
278,7,Ryan,Hollingshead,us USA,DF,FC Dallas,27.0,1991.0,34.0,33.0,2960.0,6.0,1.0,0.0,0.0,3.0,0.0
279,19,Erik,Holt,us USA,DF,Real Salt Lake,22.0,1996.0,5.0,5.0,370.0,0.0,0.0,0.0,0.0,0.0,0.0
280,21,Shandon,Hopeau,us USA,FW,Seattle Sounders FC,20.0,1998.0,1.0,0.0,33.0,0.0,0.0,0.0,0.0,0.0,0.0
281,10,André,Horta,pt POR,MF,LAFC,22.0,1996.0,4.0,2.0,184.0,0.0,0.0,0.0,0.0,1.0,0.0
282,3,Tim,Howard,us USA,GK,Colorado Rapids,39.0,1979.0,25.0,25.0,2159.0,0.0,0.0,0.0,0.0,1.0,0.0
283,6,Justin,Hoyte,tt TRI,DF,FC Cincinnati,34.0,1984.0,17.0,16.0,1476.0,0.0,0.0,0.0,0.0,3.0,0.0
284,22,Erik,Hurtado,us USA,FW,Sporting Kansas City,28.0,1990.0,13.0,8.0,816.0,2.0,0.0,0.0,0.0,1.0,0.0
286,1,Emerson,Hyndman,us USA,"MF,FW",Atlanta United,22.0,1996.0,15.0,10.0,987.0,1.0,1.0,0.0,0.0,1.0,0.0
287,11,Miguel,Ibarra,us USA,"FW,MF",Minnesota United,28.0,1990.0,22.0,16.0,1506.0,1.0,1.0,0.0,0.0,4.0,0.0
288,11,Romario,Ibarra,ec ECU,FW,Minnesota United,24.0,1994.0,8.0,4.0,380.0,2.0,0.0,0.0,0.0,1.0,0.0
289,14,Sebastien,Ibeagha,us USA,DF,New York City FC,27.0,1992.0,23.0,11.0,1117.0,0.0,0.0,0.0,0.0,1.0,0.0
290,9,Zlatan,Ibrahimović,se SWE,FW,LA Galaxy,37.0,1981.0,29.0,29.0,2610.0,30.0,7.0,6.0,7.0,7.0,0.0
291,17,Ilsinho,,br BRA,"FW,MF",Philadelphia Union,33.0,1985.0,28.0,7.0,1094.0,5.0,5.0,0.0,0.0,2.0,0.0
292,24,Hwang,In-beom,kr KOR,MF,Vancouver Whitecaps,22.0,1996.0,34.0,31.0,2806.0,3.0,3.0,1.0,1.0,6.0,0.0
293,3,Clint,Irwin,us USA,GK,Colorado Rapids,29.0,1989.0,11.0,9.0,901.0,0.0,0.0,0.0,0.0,0.0,0.0
294,15,Andreas,Ivan,ro ROU,"FW,MF",New York Red Bulls,24.0,1995.0,12.0,5.0,490.0,1.0,2.0,0.0,0.0,0.0,0.0
295,3,Niki,Jackson,us USA,"FW,MF",Colorado Rapids,23.0,1995.0,4.0,0.0,39.0,0.0,0.0,0.0,0.0,0.0,0.0
296,12,Anthony,Jackson-Hamel,ca CAN,FW,Montreal Impact,25.0,1993.0,16.0,6.0,623.0,3.0,0.0,0.0,0.0,0.0,0.0
297,18,Modou,Jadama,us USA,DF,Portland Timbers,24.0,1994.0,1.0,1.0,90.0,0.0,0.0,0.0,0.0,0.0,0.0
298,10,Dejan,Jakovic,ca CAN,DF,LAFC,33.0,1985.0,3.0,2.0,181.0,0.0,0.0,0.0,0.0,1.0,0.0
299,16,Robin,Jansson,se SWE,DF,Orlando City SC,27.0,1991.0,28.0,28.0,2420.0,0.0,0.0,0.0,0.0,6.0,1.0
300,5,Leonardo,Jara,ar ARG,DF,DC United,27.0,1991.0,30.0,25.0,2290.0,1.0,5.0,0.0,0.0,5.0,0.0
301,4,Hector,Jiménez,us USA,DF,Columbus Crew,30.0,1988.0,23.0,19.0,1619.0,1.0,2.0,0.0,0.0,1.0,0.0
302,19,Sam,Johnson,lr LBR,FW,Real Salt Lake,25.0,1993.0,24.0,15.0,1299.0,9.0,0.0,0.0,0.0,1.0,0.0
303,14,Sean,Johnson,us USA,GK,New York City FC,29.0,1989.0,29.0,29.0,2610.0,0.0,0.0,0.0,0.0,5.0,0.0
304,16,Will,Johnson,ca CAN,MF,Orlando City SC,32.0,1987.0,21.0,20.0,1692.0,1.0,1.0,0.0,0.0,2.0,0.0
305,13,DeJuan,Jones,us USA,"DF,MF",New England Revolution,21.0,1997.0,20.0,14.0,1297.0,1.0,0.0,0.0,0.0,0.0,0.0
306,17,Derrick,Jones,us USA,MF,Philadelphia Union,21.0,1997.0,2.0,0.0,58.0,0.0,0.0,0.0,0.0,0.0,0.0
307,21,Joevin,Jones,tt TRI,"FW,DF",Seattle Sounders FC,27.0,1991.0,17.0,9.0,923.0,0.0,2.0,0.0,0.0,2.0,0.0
308,20,Judson,,br BRA,MF,San Jose Earthquakes,25.0,1993.0,27.0,23.0,1909.0,1.0,0.0,0.0,0.0,10.0,0.0
309,20,Florian,Jungwirth,de GER,DF,San Jose Earthquakes,30.0,1989.0,30.0,30.0,2670.0,0.0,1.0,0.0,0.0,4.0,0.0
310,9,Vitor,Junior,br BRA,DF,LA Galaxy,30.0,1989.0,2.0,0.0,9.0,0.0,0.0,0.0,0.0,0.0,0.0
312,15,Mathias,Jørgensen,dk DEN,"FW,MF",New York Red Bulls,18.0,2000.0,5.0,1.0,120.0,0.0,0.0,0.0,0.0,1.0,0.0
313,15,Kaku,,py PAR,MF,New York Red Bulls,24.0,1995.0,26.0,21.0,1924.0,5.0,4.0,0.0,0.0,0.0,2.0
314,11,Brent,Kallman,us USA,DF,Minnesota United,28.0,1990.0,16.0,14.0,1283.0,0.0,1.0,0.0,0.0,2.0,0.0
315,3,Kei,Kamara,sl SLE,FW,Colorado Rapids,34.0,1984.0,29.0,29.0,2539.0,14.0,1.0,4.0,7.0,5.0,1.0
316,5,Ola,Kamara,no NOR,FW,DC United,29.0,1989.0,5.0,3.0,256.0,3.0,0.0,0.0,0.0,0.0,0.0
317,2,Johan,Kappelhof,nl NED,DF,Chicago Fire,28.0,1990.0,29.0,29.0,2560.0,0.0,1.0,0.0,0.0,5.0,0.0
318,20,Guram,Kashia,ge GEO,DF,San Jose Earthquakes,31.0,1987.0,23.0,21.0,1907.0,0.0,0.0,0.0,0.0,2.0,0.0
319,2,Aleksandar,Katai,rs SRB,"FW,MF",Chicago Fire,27.0,1991.0,29.0,24.0,2100.0,6.0,6.0,0.0,0.0,3.0,1.0
320,10,Mark-Anthony,Kaye,ca CAN,MF,LAFC,24.0,1994.0,31.0,27.0,2499.0,4.0,8.0,0.0,0.0,7.0,0.0
321,21,Kim,Kee-hee,kr KOR,DF,Seattle Sounders FC,29.0,1989.0,30.0,30.0,2603.0,0.0,1.0,0.0,0.0,6.0,0.0
322,4,Aboubacar,Keita,us USA,DF,Columbus Crew,18.0,2000.0,10.0,8.0,802.0,0.0,0.0,0.0,0.0,0.0,0.0
323,4,Jon,Kempin,us USA,GK,Columbus Crew,25.0,1993.0,3.0,3.0,270.0,0.0,0.0,0.0,0.0,0.0,0.0
324,24,Jasser,Khemiri,tn TUN,DF,Vancouver Whitecaps,21.0,1997.0,1.0,1.0,90.0,0.0,0.0,0.0,0.0,0.0,0.0
325,12,Daniel,Kinumbe,ca CAN,DF,Montreal Impact,19.0,1999.0,1.0,1.0,66.0,0.0,0.0,0.0,0.0,0.0,0.0
326,9,Perry,Kitchen,us USA,MF,LA Galaxy,26.0,1992.0,8.0,6.0,573.0,0.0,0.0,0.0,0.0,0.0,0.0
327,16,Sacha,Kljestan,us USA,"MF,FW",Orlando City SC,33.0,1985.0,23.0,13.0,1359.0,1.0,3.0,0.0,0.0,3.0,1.0
328,13,Brad,Knighton,us USA,GK,New England Revolution,33.0,1985.0,8.0,7.0,663.0,0.0,0.0,0.0,0.0,0.0,0.0
329,1,Kevin,Kratz,de GER,MF,Atlanta United,32.0,1987.0,1.0,0.0,1.0,0.0,0.0,0.0,0.0,0.0,0.0
330,19,Damir,Kreilach,hr CRO,"MF,FW",Real Salt Lake,29.0,1989.0,32.0,32.0,2656.0,6.0,4.0,1.0,1.0,6.0,1.0
331,12,Bojan,Krkić,es ESP,"MF,FW",Montreal Impact,28.0,1990.0,8.0,7.0,606.0,3.0,0.0,0.0,0.0,0.0,0.0
332,12,Ken,Krolicki,us USA,MF,Montreal Impact,22.0,1996.0,10.0,5.0,528.0,0.0,0.0,0.0,0.0,2.0,0.0
333,2,Kenneth,Kronholm,de GER,GK,Chicago Fire,33.0,1985.0,20.0,20.0,1800.0,0.0,0.0,0.0,0.0,1.0,0.0
334,15,Connor,Lade,us USA,DF,New York Red Bulls,29.0,1989.0,11.0,10.0,845.0,1.0,1.0,0.0,0.0,0.0,0.0
335,6,Roland,Lamah,be BEL,"MF,FW",FC Cincinnati,31.0,1987.0,28.0,22.0,1778.0,1.0,3.0,0.0,0.0,0.0,1.0
336,9,Matt,Lampson,us USA,GK,LA Galaxy,29.0,1989.0,1.0,1.0,90.0,0.0,0.0,0.0,0.0,0.0,0.0
338,18,Foster,Langsdorf,us USA,FW,Portland Timbers,23.0,1995.0,2.0,0.0,26.0,0.0,0.0,0.0,0.0,0.0,0.0
339,12,Lassi,Lappalainen,fi FIN,"MF,FW",Montreal Impact,20.0,1998.0,11.0,8.0,682.0,5.0,0.0,0.0,0.0,0.0,0.0
340,1,Jeff,Larentowicz,us USA,MF,Atlanta United,35.0,1983.0,27.0,15.0,1473.0,0.0,0.0,0.0,0.0,4.0,0.0
341,23,Richie,Laryea,ca CAN,DF,Toronto FC,24.0,1995.0,20.0,16.0,1466.0,1.0,2.0,0.0,0.0,6.0,0.0
342,6,Forrest,Lasso,us USA,DF,FC Cincinnati,25.0,1993.0,5.0,4.0,394.0,0.0,0.0,0.0,0.0,2.0,0.0
343,15,Kemar,Lawrence,jm JAM,DF,New York Red Bulls,26.0,1992.0,22.0,19.0,1729.0,1.0,0.0,0.0,0.0,5.0,0.0
344,6,Emmanuel,Ledesma,ar ARG,"FW,MF",FC Cincinnati,30.0,1988.0,26.0,20.0,1764.0,6.0,4.0,3.0,4.0,4.0,0.0
345,21,Kelvin,Leerdam,nl NED,DF,Seattle Sounders FC,28.0,1990.0,29.0,27.0,2407.0,5.0,2.0,0.0,0.0,7.0,1.0
346,19,Brooks,Lennon,us USA,"DF,FW",Real Salt Lake,21.0,1997.0,28.0,16.0,1547.0,0.0,1.0,0.0,0.0,3.0,0.0
347,24,Brett,Levis,ca CAN,"DF,FW",Vancouver Whitecaps,25.0,1993.0,9.0,3.0,334.0,0.0,0.0,0.0,0.0,1.0,0.0
348,14,Jonathan,Lewis,us USA,"MF,FW",New York City FC,21.0,1997.0,6.0,2.0,216.0,0.0,1.0,0.0,0.0,1.0,0.0
349,3,Jonathan,Lewis,us USA,"FW,MF",Colorado Rapids,21.0,1997.0,16.0,10.0,898.0,5.0,3.0,0.0,0.0,2.0,0.0
350,21,Danny,Leyva,us USA,MF,Seattle Sounders FC,15.0,2003.0,6.0,4.0,414.0,0.0,0.0,0.0,0.0,1.0,0.0
351,2,Grant,Lillard,us USA,DF,Chicago Fire,23.0,1995.0,4.0,2.0,206.0,0.0,0.0,0.0,0.0,0.0,0.0
352,20,Nick,Lima,us USA,DF,San Jose Earthquakes,24.0,1994.0,24.0,21.0,1808.0,1.0,2.0,0.0,0.0,4.0,0.0
353,22,Jaylin,Lindsey,us USA,DF,Sporting Kansas City,18.0,2000.0,1.0,1.0,90.0,0.0,0.0,0.0,0.0,0.0,0.0
354,9,Sebastian,Lletget,us USA,"MF,FW",LA Galaxy,26.0,1992.0,29.0,27.0,2314.0,3.0,5.0,0.0,0.0,4.0,0.0
355,11,Robin,Lod,fi FIN,"FW,MF",Minnesota United,25.0,1993.0,10.0,6.0,582.0,0.0,0.0,0.0,0.0,0.0,0.0
356,21,Nicolás,Lodeiro,uy URU,MF,Seattle Sounders FC,29.0,1989.0,28.0,28.0,2498.0,7.0,7.0,2.0,2.0,7.0,0.0
357,15,Aaron,Long,us USA,DF,New York Red Bulls,26.0,1992.0,24.0,24.0,2115.0,2.0,0.0,0.0,0.0,3.0,0.0
358,20,Marcos,López,pe PER,DF,San Jose Earthquakes,19.0,1999.0,18.0,15.0,1162.0,0.0,0.0,0.0,0.0,7.0,1.0
359,18,Marvin,Loría,cr CRC,FW,Portland Timbers,21.0,1997.0,19.0,8.0,705.0,2.0,0.0,0.0,0.0,3.0,0.0
360,12,Daniel,Lovitz,us USA,DF,Montreal Impact,27.0,1991.0,28.0,28.0,2520.0,0.0,1.0,0.0,0.0,5.0,0.0
361,12,Jorge,Luis Corrales,cu CUB,DF,Montreal Impact,27.0,1991.0,4.0,1.0,101.0,0.0,1.0,0.0,0.0,0.0,0.0
362,2,Jorge,Luis Corrales,cu CUB,DF,Chicago Fire,27.0,1991.0,15.0,13.0,1034.0,0.0,0.0,0.0,0.0,4.0,1.0
364,19,Everton,Luiz,br BRA,MF,Real Salt Lake,30.0,1988.0,27.0,24.0,2107.0,0.0,2.0,0.0,0.0,8.0,0.0
365,8,Adam,Lundqvist,se SWE,DF,Houston Dynamo,24.0,1994.0,28.0,26.0,2388.0,0.0,3.0,0.0,0.0,4.0,0.0
366,18,Larrys,Mabiala,cd COD,DF,Portland Timbers,31.0,1987.0,22.0,22.0,1901.0,2.0,0.0,0.0,0.0,7.0,1.0
367,14,Gary,Mackay-Steven,sco SCO,"FW,MF",New York City FC,28.0,1990.0,12.0,5.0,527.0,1.0,1.0,0.0,0.0,0.0,0.0
368,24,Zac,MacMath,us USA,GK,Vancouver Whitecaps,27.0,1991.0,8.0,8.0,720.0,0.0,0.0,0.0,0.0,3.0,0.0
369,4,Connor,Maloney,us USA,DF,Columbus Crew,23.0,1995.0,10.0,9.0,795.0,0.0,0.0,0.0,0.0,1.0,0.0
370,13,Michael,Mancienne,eng ENG,DF,New England Revolution,31.0,1988.0,16.0,13.0,1191.0,1.0,0.0,0.0,0.0,5.0,1.0
371,11,Carter,Manley,us USA,DF,Minnesota United,22.0,1996.0,1.0,1.0,90.0,0.0,0.0,0.0,0.0,0.0,0.0
372,6,Kekuta,Manneh,us USA,"FW,MF",FC Cincinnati,24.0,1994.0,27.0,15.0,1499.0,4.0,3.0,0.0,0.0,0.0,1.0
373,11,Vito,Mannone,it ITA,GK,Minnesota United,30.0,1988.0,34.0,34.0,3060.0,0.0,0.0,0.0,0.0,0.0,0.0
374,8,Mauro,Manotas,co COL,FW,Houston Dynamo,23.0,1995.0,32.0,28.0,2530.0,13.0,7.0,1.0,2.0,1.0,0.0
375,20,Paul,Marie,fr FRA,DF,San Jose Earthquakes,23.0,1995.0,9.0,3.0,349.0,0.0,1.0,0.0,0.0,1.0,0.0
376,21,Chad,Marshall,us USA,DF,Seattle Sounders FC,34.0,1984.0,8.0,8.0,720.0,0.0,0.0,0.0,0.0,0.0,0.0
377,11,Collin,Martin,us USA,MF,Minnesota United,24.0,1994.0,3.0,2.0,184.0,0.0,1.0,0.0,0.0,0.0,0.0
378,2,Cristian,Martínez,pa PAN,"MF,FW",Chicago Fire,21.0,1997.0,5.0,0.0,55.0,0.0,0.0,0.0,0.0,0.0,0.0
379,19,Douglas,Martinez,hn HON,FW,Real Salt Lake,21.0,1997.0,1.0,1.0,63.0,0.0,0.0,0.0,0.0,0.0,0.0
380,1,Josef,Martínez,ve VEN,FW,Atlanta United,25.0,1993.0,29.0,29.0,2578.0,27.0,3.0,5.0,6.0,1.0,0.0
381,8,Tomás,Martínez,ar ARG,"MF,FW",Houston Dynamo,23.0,1995.0,33.0,30.0,2313.0,5.0,2.0,0.0,0.0,2.0,0.0
382,22,Luís,Martins,pt POR,DF,Sporting Kansas City,26.0,1992.0,10.0,9.0,830.0,0.0,0.0,0.0,0.0,2.0,0.0
383,14,Rónald,Matarrita,cr CRC,DF,New York City FC,24.0,1994.0,24.0,24.0,1973.0,1.0,1.0,0.0,0.0,7.0,1.0
384,6,Darren,Mattocks,jm JAM,FW,FC Cincinnati,28.0,1990.0,21.0,13.0,1273.0,3.0,3.0,1.0,1.0,0.0,0.0
385,7,Jimmy,Maurer,us USA,GK,FC Dallas,30.0,1988.0,2.0,2.0,180.0,0.0,0.0,0.0,0.0,0.0,0.0
386,23,Chris,Mavinga,cd COD,DF,Toronto FC,27.0,1991.0,26.0,24.0,2112.0,0.0,1.0,0.0,0.0,5.0,0.0
387,17,Olivier,Mbaissidara,cm CMR,DF,Philadelphia Union,21.0,1997.0,3.0,2.0,196.0,0.0,1.0,0.0,0.0,0.0,0.0
388,6,Thomas,McCabe,us USA,MF,FC Cincinnati,20.0,1998.0,6.0,2.0,247.0,0.0,0.0,0.0,0.0,0.0,0.0
390,5,Chris,McCann,ie IRL,"DF,MF",DC United,31.0,1987.0,6.0,4.0,318.0,0.0,0.0,0.0,0.0,0.0,0.0
391,2,Dax,McCarty,us USA,MF,Chicago Fire,31.0,1987.0,32.0,32.0,2846.0,1.0,2.0,0.0,0.0,4.0,0.0
392,24,Brendan,McDonough,us USA,DF,Vancouver Whitecaps,22.0,1996.0,1.0,1.0,65.0,0.0,0.0,0.0,0.0,0.0,0.0
393,17,Mark,McKenzie,us USA,DF,Philadelphia Union,19.0,1999.0,7.0,6.0,537.0,0.0,0.0,0.0,0.0,0.0,0.0
394,8,Thomas,McNamara,us USA,"MF,FW",Houston Dynamo,27.0,1991.0,33.0,15.0,1540.0,2.0,3.0,0.0,0.0,3.0,0.0
395,15,Ryan,Meara,us USA,GK,New York Red Bulls,28.0,1990.0,1.0,1.0,90.0,0.0,0.0,0.0,0.0,0.0,0.0
396,14,Jesús,Medina,py PAR,"MF,FW",New York City FC,21.0,1997.0,18.0,6.0,734.0,3.0,1.0,1.0,1.0,1.0,0.0
397,22,Jimmy,Medranda,co COL,"FW,MF",Sporting Kansas City,24.0,1994.0,10.0,2.0,183.0,0.0,1.0,0.0,0.0,1.0,0.0
398,17,Haris,Medunjanin,ba BIH,MF,Philadelphia Union,33.0,1985.0,34.0,34.0,3060.0,1.0,4.0,0.0,0.0,6.0,0.0
399,18,Lucas,Melano,ar ARG,FW,Portland Timbers,25.0,1993.0,8.0,1.0,127.0,0.0,0.0,0.0,0.0,1.0,0.0
400,22,Tim,Melia,us USA,GK,Sporting Kansas City,32.0,1986.0,32.0,32.0,2880.0,0.0,0.0,0.0,0.0,3.0,0.0
401,16,Jhegson,Méndez,ec ECU,MF,Orlando City SC,21.0,1997.0,22.0,20.0,1787.0,0.0,0.0,0.0,0.0,7.0,0.0
402,4,Jonathan,Mensah,gh GHA,DF,Columbus Crew,28.0,1990.0,24.0,23.0,2152.0,0.0,0.0,0.0,0.0,7.0,0.0
403,1,Justin,Meram,iq IRQ,"DF,FW",Atlanta United,30.0,1988.0,20.0,14.0,1265.0,4.0,0.0,0.0,0.0,3.0,0.0
404,4,Justin,Meram,iq IRQ,FW,Columbus Crew,30.0,1988.0,9.0,4.0,380.0,0.0,0.0,0.0,0.0,0.0,0.0
405,11,Romain,Métanire,mg MAD,DF,Minnesota United,28.0,1990.0,27.0,27.0,2430.0,1.0,4.0,0.0,0.0,5.0,0.0
406,3,Nicolás,Mezquida,uy URU,"MF,FW",Colorado Rapids,27.0,1992.0,32.0,11.0,1418.0,4.0,3.0,1.0,1.0,4.0,0.0
407,16,Benji,Michel,ht HAI,"FW,MF",Orlando City SC,21.0,1997.0,17.0,9.0,947.0,5.0,1.0,0.0,0.0,0.0,0.0
408,2,Djordje,Mihailovic,us USA,MF,Chicago Fire,20.0,1998.0,27.0,16.0,1450.0,3.0,1.0,0.0,0.0,4.0,0.0
409,14,Eric,Miller,us USA,DF,New York City FC,26.0,1993.0,5.0,4.0,328.0,0.0,0.0,0.0,0.0,2.0,0.0
410,11,Eric,Miller,us USA,DF,Minnesota United,26.0,1993.0,6.0,5.0,435.0,0.0,0.0,0.0,0.0,0.0,0.0
411,16,Kamal,Miller,ca CAN,DF,Orlando City SC,21.0,1997.0,16.0,14.0,1350.0,0.0,0.0,0.0,0.0,1.0,0.0
412,10,Tyler,Miller,us USA,GK,LAFC,25.0,1993.0,28.0,28.0,2520.0,0.0,0.0,0.0,0.0,1.0,0.0
413,14,Alexandru,Mitriță,ro ROU,"FW,MF",New York City FC,23.0,1995.0,29.0,24.0,2127.0,12.0,2.0,0.0,0.0,2.0,0.0
414,11,Wilfried,Moimbé,fr FRA,"DF,FW",Minnesota United,30.0,1988.0,4.0,4.0,335.0,0.0,0.0,0.0,0.0,0.0,0.0
416,4,Youness,Mokhtar,ma MAR,FW,Columbus Crew,27.0,1991.0,8.0,5.0,440.0,1.0,0.0,0.0,0.0,1.0,0.0
417,11,Kevin,Molino,tt TRI,"FW,MF",Minnesota United,28.0,1990.0,17.0,11.0,907.0,3.0,4.0,0.0,0.0,1.0,0.0
418,10,Mohamed,El Monir,ly LBY,DF,LAFC,26.0,1992.0,15.0,4.0,590.0,1.0,0.0,0.0,0.0,2.0,0.0
419,17,Jamiro,Monteiro,cv CPV,MF,Philadelphia Union,25.0,1993.0,26.0,22.0,2049.0,4.0,7.0,2.0,3.0,3.0,0.0
420,24,Fredy,Montero,co COL,"FW,MF",Vancouver Whitecaps,31.0,1987.0,32.0,22.0,2096.0,8.0,2.0,4.0,4.0,1.0,1.0
421,23,Drew,Moor,us USA,DF,Toronto FC,35.0,1984.0,13.0,11.0,1024.0,0.0,0.0,0.0,0.0,2.0,0.0
422,5,Joseph,Mora,cr CRC,DF,DC United,26.0,1993.0,20.0,18.0,1594.0,0.0,1.0,0.0,0.0,3.0,0.0
423,14,Maximiliano,Moralez,ar ARG,"MF,FW",New York City FC,31.0,1987.0,29.0,28.0,2431.0,7.0,12.0,4.0,8.0,7.0,0.0
424,18,Jorge,Moreira,py PAR,DF,Portland Timbers,28.0,1990.0,26.0,25.0,2231.0,2.0,2.0,0.0,0.0,7.0,0.0
425,2,Amando,Moreno,us USA,"FW,MF",Chicago Fire,23.0,1995.0,7.0,0.0,82.0,0.0,0.0,0.0,0.0,0.0,0.0
426,5,Junior,Moreno,ve VEN,MF,DC United,25.0,1993.0,29.0,29.0,2549.0,0.0,2.0,0.0,0.0,3.0,1.0
427,23,Ashtone,Morgan,ca CAN,"DF,MF",Toronto FC,27.0,1991.0,9.0,3.0,313.0,1.0,0.0,0.0,0.0,1.0,0.0
428,21,Jordan,Morris,us USA,FW,Seattle Sounders FC,24.0,1994.0,26.0,24.0,2036.0,10.0,6.0,0.0,0.0,2.0,0.0
429,23,Justin,Morrow,us USA,DF,Toronto FC,31.0,1987.0,28.0,26.0,2348.0,1.0,3.0,0.0,0.0,2.0,1.0
430,16,João,Moutinho,pt POR,DF,Orlando City SC,21.0,1998.0,16.0,15.0,1220.0,0.0,2.0,0.0,0.0,1.0,0.0
431,16,Christopher,Mueller,us USA,"FW,MF",Orlando City SC,22.0,1996.0,29.0,16.0,1370.0,5.0,3.0,0.0,0.0,1.0,0.0
432,24,Georges,Mukumbilwa,ca CAN,MF,Vancouver Whitecaps,19.0,1999.0,1.0,0.0,10.0,0.0,0.0,0.0,0.0,0.0,0.0
433,19,Luke,Mulholland,eng ENG,MF,Real Salt Lake,30.0,1988.0,1.0,0.0,20.0,0.0,0.0,0.0,0.0,0.0,0.0
434,23,Patrick,Mullins,us USA,FW,Toronto FC,26.0,1992.0,8.0,4.0,348.0,2.0,0.0,0.0,0.0,0.0,0.0
435,4,Patrick,Mullins,us USA,"FW,MF",Columbus Crew,26.0,1992.0,9.0,2.0,202.0,0.0,0.0,0.0,0.0,0.0,0.0
436,15,Alex,Muyl,us USA,"FW,DF",New York Red Bulls,23.0,1995.0,24.0,17.0,1398.0,3.0,2.0,0.0,0.0,4.0,0.0
437,1,Darlington,Nagbe,us USA,MF,Atlanta United,28.0,1990.0,33.0,32.0,2822.0,2.0,4.0,0.0,0.0,2.0,0.0
438,16,Nani,,pt POR,"FW,MF",Orlando City SC,32.0,1986.0,30.0,26.0,2273.0,12.0,5.0,3.0,5.0,4.0,0.0
439,15,Sean,Nealis,us USA,DF,New York Red Bulls,22.0,1997.0,9.0,3.0,457.0,1.0,0.0,0.0,0.0,1.0,0.0
440,7,John,Nelson,us USA,DF,FC Dallas,20.0,1998.0,9.0,4.0,455.0,0.0,0.0,0.0,0.0,0.0,0.0
442,22,Krisztián,Németh,hu HUN,FW,Sporting Kansas City,30.0,1989.0,24.0,18.0,1559.0,8.0,2.0,0.0,1.0,5.0,1.0
443,24,Jake,Nerwinski,us USA,DF,Vancouver Whitecaps,24.0,1994.0,26.0,24.0,2021.0,1.0,0.0,0.0,0.0,1.0,0.0
444,17,Michee,Ngalina,cd COD,"FW,MF",Philadelphia Union,18.0,2000.0,1.0,0.0,10.0,0.0,0.0,0.0,0.0,0.0,0.0
445,10,Lee,Nguyen,us USA,MF,LAFC,32.0,1986.0,23.0,11.0,1178.0,0.0,4.0,0.0,0.0,3.0,0.0
446,3,Sam,Nicholson,sco SCO,"FW,MF",Colorado Rapids,24.0,1995.0,27.0,19.0,1770.0,2.0,3.0,0.0,0.0,2.0,0.0
447,1,Gonzalo,Nicolás Martínez,ar ARG,"FW,MF",Atlanta United,25.0,1993.0,32.0,26.0,2140.0,5.0,7.0,2.0,3.0,2.0,0.0
448,2,Nemanja,Nikolić,hu HUN,FW,Chicago Fire,31.0,1987.0,31.0,25.0,1991.0,12.0,0.0,2.0,2.0,3.0,0.0
449,12,Harry,Novillo,fr FRA,FW,Montreal Impact,26.0,1992.0,11.0,5.0,441.0,1.0,2.0,0.0,0.0,1.0,0.0
450,16,Shane,O'Neill,us USA,DF,Orlando City SC,25.0,1993.0,11.0,8.0,839.0,0.0,0.0,0.0,0.0,2.0,0.0
451,21,Alfonso,Ocampo-Chavez,us USA,FW,Seattle Sounders FC,16.0,2002.0,3.0,1.0,82.0,0.0,0.0,0.0,0.0,0.0,0.0
452,5,Chris,Odoi-Atsem,us USA,DF,DC United,23.0,1995.0,3.0,1.0,135.0,0.0,0.0,0.0,0.0,0.0,0.0
453,14,Ebenezer,Ofori,gh GHA,MF,New York City FC,23.0,1995.0,20.0,14.0,1261.0,2.0,0.0,0.0,0.0,2.0,0.0
454,12,Orji,Okwonkwo,ng NGA,"FW,MF",Montreal Impact,21.0,1998.0,28.0,24.0,1769.0,8.0,2.0,0.0,0.0,4.0,0.0
455,11,Lawrence,Olum,ke KEN,MF,Minnesota United,34.0,1984.0,10.0,5.0,547.0,0.0,1.0,0.0,0.0,0.0,0.0
456,7,Zdeněk,Ondrášek,cz CZE,FW,FC Dallas,30.0,1988.0,18.0,8.0,751.0,7.0,2.0,0.0,0.0,2.0,0.0
457,19,Nedum,Onuoha,eng ENG,DF,Real Salt Lake,32.0,1986.0,27.0,26.0,2336.0,1.0,0.0,0.0,0.0,2.0,0.0
458,11,Ike,Opara,us USA,DF,Minnesota United,29.0,1989.0,30.0,29.0,2566.0,3.0,1.0,0.0,0.0,4.0,0.0
459,3,Kofi,Opare,ca CAN,DF,Colorado Rapids,28.0,1990.0,3.0,3.0,270.0,0.0,0.0,0.0,0.0,0.0,0.0
460,23,Jonathan,Osorio,ca CAN,"MF,FW",Toronto FC,26.0,1992.0,24.0,18.0,1757.0,5.0,3.0,0.0,1.0,2.0,0.0
461,2,David,Ousted,dk DEN,GK,Chicago Fire,33.0,1985.0,14.0,14.0,1260.0,0.0,0.0,0.0,0.0,0.0,0.0
462,14,Juan,Pablo Torres,us USA,FW,New York City FC,19.0,1999.0,1.0,0.0,1.0,0.0,0.0,0.0,0.0,0.0,0.0
463,10,Diego,Palacios,ec ECU,DF,LAFC,19.0,1999.0,2.0,1.0,92.0,0.0,0.0,0.0,0.0,0.0,0.0
464,18,Cristhian,Paredes,py PAR,MF,Portland Timbers,20.0,1998.0,22.0,19.0,1647.0,4.0,2.0,0.0,0.0,2.0,0.0
465,15,Tim,Parker,us USA,DF,New York Red Bulls,25.0,1993.0,31.0,26.0,2388.0,0.0,0.0,0.0,0.0,5.0,1.0
466,1,Michael,Parkhurst,us USA,DF,Atlanta United,35.0,1984.0,20.0,15.0,1444.0,0.0,0.0,0.0,0.0,3.0,0.0
468,14,Keaton,Parks,us USA,MF,New York City FC,21.0,1997.0,22.0,14.0,1322.0,1.0,1.0,0.0,0.0,3.0,0.0
469,20,Kevin,Partida,us USA,FW,San Jose Earthquakes,23.0,1995.0,1.0,0.0,1.0,0.0,0.0,0.0,0.0,0.0,0.0
470,16,Santiago,Patiño,us USA,FW,Orlando City SC,21.0,1997.0,11.0,3.0,328.0,2.0,1.0,0.0,0.0,1.0,0.0
471,9,Cristian,Pavón,ar ARG,FW,LA Galaxy,23.0,1996.0,11.0,11.0,971.0,3.0,4.0,0.0,0.0,1.0,0.0
472,24,PC,,br BRA,"FW,DF",Vancouver Whitecaps,24.0,1994.0,18.0,9.0,814.0,0.0,1.0,0.0,0.0,4.0,0.0
473,5,Marquinhos,Pedroso,br BRA,DF,DC United,25.0,1993.0,4.0,3.0,285.0,0.0,0.0,0.0,0.0,0.0,0.0
474,7,Marquinhos,Pedroso,br BRA,DF,FC Dallas,25.0,1993.0,2.0,1.0,118.0,0.0,0.0,0.0,0.0,0.0,0.0
475,8,Ronaldo,Peña,ve VEN,"FW,MF",Houston Dynamo,21.0,1997.0,4.0,2.0,159.0,0.0,0.0,0.0,0.0,3.0,0.0
476,13,Cristian,Penilla,ec ECU,"MF,FW",New England Revolution,27.0,1991.0,30.0,18.0,1784.0,6.0,5.0,0.0,0.0,2.0,0.0
477,7,Ricardo,Pepi,us USA,"MF,FW",FC Dallas,16.0,2003.0,7.0,0.0,78.0,0.0,0.0,0.0,0.0,0.0,0.0
478,1,Dion,Pereira,eng ENG,"FW,DF",Atlanta United,19.0,1999.0,18.0,7.0,671.0,0.0,1.0,0.0,0.0,0.0,0.0
479,16,Mauricio,Pereyra,uy URU,"MF,FW",Orlando City SC,28.0,1990.0,6.0,5.0,392.0,0.0,2.0,0.0,0.0,1.0,0.0
480,10,Adrien,Perez,us USA,FW,LAFC,23.0,1995.0,12.0,1.0,215.0,1.0,0.0,0.0,0.0,0.0,0.0
481,10,Javier,Pérez,es ESP,MF,LAFC,22.0,1996.0,1.0,0.0,13.0,0.0,0.0,0.0,0.0,0.0,0.0
482,10,Joshua,Pérez,us USA,"FW,MF",LAFC,21.0,1998.0,13.0,4.0,457.0,1.0,1.0,0.0,0.0,0.0,0.0
483,12,Ignacio,Piatti,ar ARG,FW,Montreal Impact,33.0,1985.0,11.0,9.0,754.0,3.0,1.0,0.0,0.0,1.0,0.0
484,17,Fafà,Picault,us USA,FW,Philadelphia Union,27.0,1991.0,32.0,21.0,1862.0,4.0,4.0,0.0,0.0,4.0,0.0
485,12,Samuel,Piette,ca CAN,MF,Montreal Impact,24.0,1994.0,25.0,25.0,2219.0,0.0,0.0,0.0,0.0,6.0,0.0
486,5,Donovan,Pines,us USA,DF,DC United,20.0,1998.0,10.0,9.0,785.0,0.0,1.0,0.0,0.0,1.0,0.0
487,19,Joao,Plata,ec ECU,"FW,MF",Real Salt Lake,26.0,1992.0,17.0,2.0,317.0,1.0,0.0,1.0,1.0,0.0,0.0
488,1,Florentin,Pogba,gn GUI,DF,Atlanta United,28.0,1990.0,13.0,8.0,783.0,0.0,0.0,0.0,0.0,2.0,0.0
489,9,Diego,Polenta,uy URU,DF,LA Galaxy,26.0,1992.0,28.0,28.0,2519.0,1.0,2.0,0.0,0.0,10.0,1.0
490,18,Andy,Polo,pe PER,"MF,FW",Portland Timbers,24.0,1994.0,19.0,12.0,1047.0,0.0,1.0,0.0,0.0,1.0,0.0
491,7,Paxton,Pomykal,us USA,MF,FC Dallas,19.0,1999.0,25.0,20.0,1878.0,2.0,2.0,0.0,0.0,4.0,0.0
492,9,Chris,Pontius,us USA,FW,LA Galaxy,31.0,1987.0,18.0,6.0,703.0,2.0,2.0,0.0,0.0,0.0,0.0
494,19,Justin,Portillo,us USA,MF,Real Salt Lake,26.0,1992.0,4.0,2.0,194.0,0.0,0.0,0.0,0.0,1.0,1.0
495,6,Alvas,Powell,jm JAM,DF,FC Cincinnati,24.0,1994.0,13.0,10.0,969.0,0.0,0.0,0.0,0.0,1.0,0.0
496,16,Dillon,Powers,us USA,MF,Orlando City SC,27.0,1991.0,7.0,7.0,619.0,0.0,1.0,0.0,0.0,0.0,0.0
497,23,Alejandro,Pozuelo,es ESP,"MF,FW",Toronto FC,27.0,1991.0,30.0,28.0,2518.0,12.0,7.0,5.0,6.0,5.0,1.0
498,3,Jack,Price,eng ENG,MF,Colorado Rapids,26.0,1992.0,27.0,25.0,2226.0,1.0,10.0,0.0,0.0,9.0,1.0
499,17,Kacper,Przybyłko,pl POL,FW,Philadelphia Union,25.0,1993.0,26.0,25.0,2241.0,15.0,4.0,0.0,1.0,5.0,0.0
500,19,Andrew,Putna,us USA,GK,Real Salt Lake,24.0,1994.0,5.0,5.0,450.0,0.0,0.0,0.0,0.0,1.0,0.0
501,20,Valeri,Qazaishvili,ge GEO,"FW,MF",San Jose Earthquakes,26.0,1993.0,32.0,24.0,2094.0,8.0,5.0,0.0,0.0,1.0,0.0
502,11,Darwin,Quintero,co COL,"MF,FW",Minnesota United,31.0,1987.0,30.0,26.0,2197.0,10.0,5.0,3.0,4.0,5.0,0.0
503,8,Romell,Quioto,hn HON,FW,Houston Dynamo,27.0,1991.0,18.0,8.0,796.0,2.0,2.0,1.0,1.0,5.0,1.0
504,12,Jukka,Raitala,fi FIN,DF,Montreal Impact,30.0,1988.0,26.0,23.0,2084.0,0.0,0.0,0.0,0.0,2.0,0.0
505,10,Christian,Ramirez,us USA,FW,LAFC,27.0,1991.0,17.0,13.0,948.0,4.0,2.0,0.0,0.0,0.0,0.0
506,8,Christian,Ramirez,us USA,"FW,MF",Houston Dynamo,27.0,1991.0,10.0,7.0,674.0,5.0,1.0,0.0,0.0,0.0,0.0
507,16,Greg,Ranjitsingh,tt TRI,GK,Orlando City SC,25.0,1993.0,2.0,2.0,180.0,0.0,0.0,0.0,0.0,0.0,0.0
508,17,Matthew,Real,us USA,"DF,MF",Philadelphia Union,19.0,1999.0,3.0,1.0,68.0,0.0,1.0,0.0,0.0,1.0,0.0
509,1,Eric,Remedi,ar ARG,MF,Atlanta United,23.0,1995.0,28.0,25.0,2050.0,0.0,1.0,0.0,0.0,6.0,0.0
510,13,Justin,Rennicks,us USA,FW,New England Revolution,19.0,1999.0,2.0,1.0,105.0,0.0,0.0,0.0,0.0,0.0,0.0
511,24,Yordy,Reyna,pe PER,"FW,MF",Vancouver Whitecaps,25.0,1993.0,25.0,22.0,1988.0,7.0,1.0,0.0,1.0,5.0,0.0
512,7,Bryan,Reynolds,us USA,"FW,DF",FC Dallas,17.0,2001.0,10.0,1.0,119.0,0.0,1.0,0.0,0.0,0.0,0.0
513,6,Spencer,Richey,us USA,GK,FC Cincinnati,26.0,1992.0,19.0,19.0,1710.0,0.0,0.0,0.0,0.0,1.0,0.0
514,24,Tosaint,Ricketts,ca CAN,FW,Vancouver Whitecaps,31.0,1987.0,8.0,6.0,479.0,1.0,1.0,0.0,0.0,1.0,0.0
515,19,Nick,Rimando,us USA,GK,Real Salt Lake,39.0,1979.0,29.0,29.0,2610.0,0.0,0.0,0.0,0.0,1.0,0.0
516,14,Alexander,Ring,fi FIN,MF,New York City FC,27.0,1991.0,31.0,31.0,2790.0,4.0,4.0,0.0,0.0,12.0,0.0
517,20,Andrés,Ríos,ar ARG,"MF,FW",San Jose Earthquakes,29.0,1989.0,10.0,1.0,270.0,1.0,0.0,0.0,0.0,1.0,0.0
518,7,Thomas,Roberts,us USA,"MF,FW",FC Dallas,17.0,2001.0,6.0,3.0,237.0,0.0,0.0,0.0,0.0,0.0,0.0
520,4,Robinho,,br BRA,FW,Columbus Crew,24.0,1995.0,19.0,13.0,1112.0,0.0,2.0,0.0,0.0,0.0,0.0
521,16,Robinho,,br BRA,FW,Orlando City SC,24.0,1995.0,6.0,3.0,234.0,0.0,0.0,0.0,0.0,0.0,0.0
522,5,Jalen,Robinson,us USA,DF,DC United,24.0,1994.0,10.0,5.0,414.0,0.0,0.0,0.0,0.0,0.0,0.0
523,1,Miles,Robinson,us USA,DF,Atlanta United,21.0,1997.0,34.0,33.0,2979.0,0.0,0.0,0.0,0.0,4.0,0.0
524,15,Luis,Robles,us USA,GK,New York Red Bulls,34.0,1984.0,33.0,33.0,2970.0,0.0,0.0,0.0,0.0,4.0,0.0
525,14,Tony,Rocha,bz BLZ,"MF,DF",New York City FC,25.0,1993.0,17.0,9.0,876.0,0.0,0.0,0.0,0.0,1.0,0.0
526,11,Angelo,Rodríguez,co COL,FW,Minnesota United,29.0,1989.0,28.0,21.0,1745.0,5.0,1.0,1.0,1.0,2.0,0.0
527,10,Brian,Rodríguez,uy URU,FW,LAFC,18.0,2000.0,7.0,5.0,384.0,0.0,0.0,0.0,0.0,0.0,0.0
528,5,Lucas,Rodríguez,ar ARG,"FW,MF",DC United,21.0,1997.0,33.0,31.0,2699.0,6.0,3.0,0.0,0.0,5.0,0.0
529,8,Memo,Rodriguez,us USA,"FW,MF",Houston Dynamo,23.0,1995.0,26.0,16.0,1387.0,7.0,2.0,0.0,0.0,3.0,0.0
530,21,Víctor,Rodríguez,es ESP,"FW,MF",Seattle Sounders FC,29.0,1989.0,17.0,14.0,1117.0,2.0,3.0,1.0,1.0,1.0,0.0
531,21,Alex,Roldan,us USA,"FW,MF",Seattle Sounders FC,22.0,1996.0,9.0,5.0,443.0,0.0,0.0,0.0,0.0,0.0,0.0
532,21,Cristian,Roldan,us USA,"MF,FW",Seattle Sounders FC,23.0,1995.0,29.0,29.0,2537.0,6.0,3.0,0.0,0.0,4.0,1.0
533,9,David,Romney,us USA,DF,LA Galaxy,25.0,1993.0,12.0,10.0,928.0,0.0,1.0,0.0,0.0,0.0,0.0
534,4,Eloy,Room,cw CUW,GK,Columbus Crew,29.0,1989.0,12.0,12.0,1080.0,0.0,0.0,0.0,0.0,1.0,0.0
535,5,Wayne,Rooney,eng ENG,FW,DC United,33.0,1985.0,28.0,27.0,2313.0,11.0,7.0,4.0,4.0,5.0,2.0
536,24,Andy,Rose,au AUS,"MF,DF",Vancouver Whitecaps,28.0,1990.0,24.0,20.0,1851.0,1.0,1.0,0.0,0.0,2.0,0.0
537,16,Oriol,Rosell,es ESP,MF,Orlando City SC,26.0,1992.0,20.0,16.0,1466.0,0.0,0.0,0.0,0.0,6.0,0.0
538,3,Keegan,Rosenberry,us USA,DF,Colorado Rapids,25.0,1993.0,34.0,34.0,3060.0,1.0,3.0,0.0,0.0,3.0,0.0
539,10,Diego,Rossi,uy URU,FW,LAFC,20.0,1998.0,34.0,33.0,2891.0,16.0,6.0,0.0,0.0,2.0,0.0
540,16,Brian,Rowe,us USA,GK,Orlando City SC,30.0,1988.0,32.0,32.0,2880.0,0.0,0.0,0.0,0.0,1.0,0.0
541,22,Kelyn,Rowe,us USA,"FW,MF",Sporting Kansas City,27.0,1991.0,14.0,7.0,693.0,0.0,1.0,0.0,0.0,2.0,0.0
542,19,Kelyn,Rowe,us USA,MF,Real Salt Lake,27.0,1991.0,4.0,2.0,181.0,0.0,0.0,0.0,0.0,0.0,0.0
543,15,Daniel,Royer,at AUT,FW,New York Red Bulls,28.0,1990.0,31.0,26.0,2314.0,11.0,6.0,4.0,5.0,1.0,0.0
544,16,Ruan,,br BRA,DF,Orlando City SC,23.0,1995.0,25.0,23.0,2097.0,0.0,4.0,0.0,0.0,1.0,0.0
546,3,Diego,Rubio,cl CHI,"MF,FW",Colorado Rapids,25.0,1993.0,26.0,25.0,2054.0,11.0,4.0,0.0,0.0,10.0,1.0
547,21,Raúl,Ruidíaz,pe PER,FW,Seattle Sounders FC,28.0,1990.0,22.0,20.0,1793.0,11.0,2.0,0.0,0.0,0.0,0.0
548,19,Albert,Rusnák,sk SVK,"MF,FW",Real Salt Lake,24.0,1994.0,29.0,28.0,2450.0,10.0,3.0,4.0,5.0,2.0,0.0
549,22,Johnny,Russell,sco SCO,"FW,MF",Sporting Kansas City,28.0,1990.0,28.0,24.0,2113.0,9.0,6.0,0.0,0.0,1.0,0.0
550,22,Abdul,Rwatubyaye,rw RWA,DF,Sporting Kansas City,22.0,1996.0,2.0,1.0,165.0,0.0,0.0,0.0,0.0,1.0,0.0
551,15,Marc,Rzatkowski,de GER,"MF,FW",New York Red Bulls,28.0,1990.0,28.0,26.0,2315.0,2.0,3.0,0.0,0.0,4.0,0.0
552,12,Bacary,Sagna,fr FRA,DF,Montreal Impact,35.0,1983.0,26.0,25.0,2179.0,1.0,2.0,0.0,0.0,7.0,1.0
553,6,Kenny,Saief,us USA,"FW,MF",FC Cincinnati,25.0,1993.0,9.0,6.0,566.0,1.0,2.0,0.0,0.0,0.0,0.0
554,8,Michael,Salazar,bz BLZ,"FW,MF",Houston Dynamo,26.0,1992.0,7.0,1.0,159.0,0.0,0.0,0.0,0.0,0.0,0.0
555,20,Shea,Salinas,us USA,"MF,DF",San Jose Earthquakes,32.0,1986.0,28.0,12.0,1345.0,6.0,3.0,0.0,0.0,3.0,0.0
556,22,Dániel,Sallói,hu HUN,"FW,MF",Sporting Kansas City,22.0,1996.0,28.0,16.0,1545.0,1.0,1.0,0.0,1.0,1.0,1.0
557,22,Ilie,Sánchez,es ESP,MF,Sporting Kansas City,28.0,1990.0,32.0,27.0,2510.0,2.0,4.0,1.0,1.0,7.0,1.0
558,14,James,Sands,us USA,"DF,MF",New York City FC,18.0,2000.0,19.0,18.0,1485.0,0.0,0.0,0.0,0.0,4.0,0.0
559,16,Lamine,Sané,sn SEN,DF,Orlando City SC,31.0,1987.0,26.0,25.0,2275.0,0.0,0.0,0.0,0.0,4.0,0.0
560,7,Harold,Santiago Mosquera,co COL,"FW,MF",FC Dallas,23.0,1995.0,23.0,12.0,1173.0,3.0,1.0,0.0,0.0,0.0,0.0
561,17,Sergio,Santos Gomes,br BRA,"FW,MF",Philadelphia Union,24.0,1994.0,17.0,5.0,626.0,4.0,1.0,0.0,0.0,2.0,0.0
562,4,Pedro,Santos,pt POR,"FW,MF",Columbus Crew,30.0,1988.0,33.0,30.0,2761.0,11.0,5.0,1.0,1.0,7.0,0.0
563,2,C.J.,Sapong,us USA,FW,Chicago Fire,30.0,1988.0,32.0,29.0,2547.0,13.0,1.0,0.0,0.0,3.0,0.0
564,19,Sebastián,Saucedo,us USA,"FW,MF",Real Salt Lake,22.0,1997.0,26.0,13.0,1192.0,2.0,4.0,0.0,0.0,6.0,0.0
565,4,Gastón,Sauro,ar ARG,DF,Columbus Crew,28.0,1990.0,15.0,15.0,1284.0,2.0,0.0,0.0,0.0,4.0,0.0
566,19,Jefferson,Savarino,ve VEN,"FW,MF",Real Salt Lake,22.0,1996.0,28.0,27.0,2315.0,8.0,5.0,0.0,0.0,1.0,1.0
567,19,Tate,Schmitt,us USA,FW,Real Salt Lake,21.0,1997.0,6.0,1.0,93.0,0.0,0.0,0.0,0.0,0.0,0.0
568,11,Rasmus,Schüller,fi FIN,"MF,FW",Minnesota United,27.0,1991.0,15.0,11.0,921.0,0.0,0.0,0.0,0.0,1.0,0.0
569,2,Bastian,Schweinsteiger,de GER,"DF,MF",Chicago Fire,34.0,1984.0,30.0,30.0,2675.0,1.0,3.0,0.0,0.0,10.0,0.0
570,10,Eddie,Segura,co COL,DF,LAFC,21.0,1997.0,34.0,33.0,2955.0,1.0,0.0,0.0,0.0,1.0,0.0
572,5,Ulises,Segura,cr CRC,"FW,DF",DC United,25.0,1993.0,33.0,19.0,1791.0,3.0,2.0,0.0,0.0,1.0,0.0
573,5,Chris,Seitz,us USA,GK,DC United,31.0,1987.0,1.0,1.0,90.0,0.0,0.0,0.0,0.0,0.0,0.0
574,12,Amar,Sejdic,us USA,MF,Montreal Impact,22.0,1996.0,1.0,1.0,67.0,0.0,0.0,0.0,0.0,0.0,0.0
575,3,Dillon,Serna,us USA,"DF,MF",Colorado Rapids,24.0,1994.0,14.0,6.0,586.0,0.0,0.0,0.0,0.0,0.0,0.0
576,7,Brandon,Servania,us USA,MF,FC Dallas,19.0,1999.0,18.0,13.0,1119.0,2.0,1.0,0.0,0.0,2.0,0.0
577,23,Jacob,Shaffelburg,ca CAN,"MF,FW",Toronto FC,19.0,1999.0,10.0,8.0,668.0,0.0,1.0,0.0,0.0,0.0,0.0
578,1,Brek,Shea,us USA,DF,Atlanta United,28.0,1990.0,19.0,10.0,911.0,0.0,1.0,0.0,0.0,0.0,0.0
579,3,Andre,Shinyashiki,br BRA,"FW,MF",Colorado Rapids,23.0,1995.0,31.0,18.0,1672.0,7.0,3.0,0.0,0.0,3.0,0.0
580,21,Harry,Shipp,us USA,"FW,MF",Seattle Sounders FC,27.0,1991.0,25.0,15.0,1382.0,5.0,1.0,0.0,0.0,1.0,0.0
581,12,Shamit,Shome,ca CAN,MF,Montreal Impact,21.0,1997.0,27.0,18.0,1626.0,1.0,1.0,0.0,0.0,3.0,0.0
582,10,Danilo,da Silva,br BRA,DF,LAFC,32.0,1986.0,5.0,2.0,225.0,0.0,0.0,0.0,0.0,1.0,0.0
583,21,Luis,Silva,us USA,"FW,MF",Seattle Sounders FC,30.0,1988.0,5.0,2.0,198.0,0.0,0.0,0.0,0.0,0.0,0.0
584,19,Marcelo,Silva,uy URU,DF,Real Salt Lake,29.0,1989.0,19.0,14.0,1345.0,2.0,0.0,0.0,0.0,3.0,1.0
585,15,Josh,Sims,eng ENG,FW,New York Red Bulls,21.0,1997.0,7.0,5.0,476.0,0.0,1.0,0.0,0.0,0.0,0.0
586,22,Seth,Sinovic,us USA,DF,Sporting Kansas City,32.0,1987.0,22.0,21.0,1908.0,0.0,1.0,0.0,0.0,4.0,0.0
587,10,Pablo,Sisniega,mx MEX,GK,LAFC,23.0,1995.0,6.0,6.0,540.0,0.0,0.0,0.0,0.0,0.0,0.0
588,3,Axel,Sjöberg,se SWE,"DF,FW",Colorado Rapids,27.0,1991.0,7.0,5.0,435.0,0.0,0.0,0.0,0.0,0.0,1.0
589,9,Jørgen,Skjelvik,no NOR,DF,LA Galaxy,27.0,1991.0,20.0,19.0,1681.0,1.0,2.0,0.0,0.0,4.0,0.0
590,21,Brad,Smith,au AUS,DF,Seattle Sounders FC,24.0,1994.0,25.0,22.0,1972.0,0.0,5.0,0.0,0.0,0.0,0.0
591,22,Graham,Smith,us USA,DF,Sporting Kansas City,23.0,1995.0,11.0,10.0,882.0,1.0,1.0,0.0,0.0,1.0,0.0
592,16,Kyle,Smith,us USA,DF,Orlando City SC,27.0,1992.0,23.0,15.0,1386.0,0.0,0.0,0.0,0.0,4.0,0.0
593,3,Tommy,Smith,nz NZL,DF,Colorado Rapids,28.0,1990.0,27.0,27.0,2413.0,3.0,2.0,0.0,0.0,3.0,1.0
594,4,Eduardo,Sosa,ve VEN,"MF,FW",Columbus Crew,21.0,1997.0,8.0,4.0,325.0,0.0,0.0,0.0,0.0,1.0,0.0
595,6,Caleb,Stanko,us USA,MF,FC Cincinnati,25.0,1993.0,23.0,16.0,1439.0,0.0,0.0,0.0,0.0,3.0,0.0
596,4,Zack,Steffen,us USA,GK,Columbus Crew,23.0,1995.0,13.0,13.0,1170.0,0.0,0.0,0.0,0.0,0.0,0.0
598,9,Daniel,Steres,us USA,DF,LA Galaxy,28.0,1990.0,30.0,30.0,2613.0,3.0,0.0,0.0,0.0,4.0,1.0
599,5,Zoltán,Stieber,hu HUN,"FW,MF",DC United,30.0,1988.0,9.0,3.0,305.0,0.0,0.0,0.0,0.0,0.0,0.0
600,8,Aljaž,Struna,si SVN,DF,Houston Dynamo,28.0,1990.0,29.0,29.0,2610.0,0.0,1.0,0.0,0.0,4.0,0.0
601,14,Brad,Stuver,us USA,GK,New York City FC,27.0,1991.0,5.0,5.0,450.0,0.0,0.0,0.0,0.0,0.0,0.0
602,24,Scott,Sutter,ch SUI,DF,Vancouver Whitecaps,32.0,1986.0,16.0,9.0,983.0,1.0,0.0,0.0,0.0,0.0,0.0
603,21,Gustav,Svensson,se SWE,MF,Seattle Sounders FC,31.0,1987.0,22.0,21.0,1811.0,0.0,0.0,0.0,0.0,1.0,0.0
604,14,Ben,Sweat,us USA,DF,New York City FC,27.0,1991.0,18.0,13.0,1266.0,0.0,1.0,0.0,0.0,4.0,0.0
605,12,Ballou,Tabla,ca CAN,"MF,FW",Montreal Impact,19.0,1999.0,4.0,1.0,129.0,0.0,0.0,0.0,0.0,0.0,0.0
606,12,Saphir,Taïder,dz ALG,"MF,FW",Montreal Impact,26.0,1992.0,32.0,31.0,2726.0,9.0,7.0,5.0,5.0,2.0,0.0
607,14,Ismael,Tajouri-Shradi,ly LBY,"FW,MF",New York City FC,24.0,1994.0,19.0,11.0,935.0,5.0,3.0,0.0,0.0,1.0,0.0
608,15,Amro,Tarek,eg EGY,DF,New York Red Bulls,26.0,1992.0,20.0,19.0,1471.0,1.0,1.0,0.0,0.0,6.0,1.0
609,24,Russell,Teibert,ca CAN,MF,Vancouver Whitecaps,26.0,1992.0,27.0,26.0,2194.0,0.0,3.0,0.0,0.0,1.0,0.0
610,23,Ryan,Telfer,tt TRI,DF,Toronto FC,24.0,1994.0,1.0,0.0,4.0,0.0,1.0,0.0,0.0,0.0,0.0
611,20,Tommy,Thompson,us USA,DF,San Jose Earthquakes,23.0,1995.0,30.0,28.0,2285.0,2.0,1.0,0.0,0.0,7.0,1.0
612,14,Anton,Tinnerholm,se SWE,DF,New York City FC,27.0,1991.0,30.0,30.0,2631.0,1.0,7.0,0.0,0.0,4.0,0.0
613,19,Donny,Toia,us USA,DF,Real Salt Lake,26.0,1992.0,24.0,24.0,2140.0,1.0,1.0,0.0,0.0,3.0,0.0
614,21,Nouhou,Tolo,cm CMR,DF,Seattle Sounders FC,21.0,1997.0,22.0,9.0,793.0,0.0,0.0,0.0,0.0,5.0,0.0
615,21,Román,Torres,pa PAN,DF,Seattle Sounders FC,32.0,1986.0,17.0,12.0,1132.0,1.0,0.0,0.0,0.0,2.0,0.0
616,11,Mason,Toye,us USA,FW,Minnesota United,20.0,1998.0,17.0,9.0,823.0,6.0,2.0,0.0,0.0,2.0,1.0
617,9,Diedie,Traoré,fr FRA,DF,LA Galaxy,20.0,1999.0,4.0,3.0,220.0,0.0,0.0,0.0,0.0,0.0,0.0
618,4,Wil,Trapp,us USA,MF,Columbus Crew,26.0,1993.0,28.0,26.0,2330.0,0.0,3.0,0.0,0.0,5.0,0.0
619,17,Auston,Trusty,us USA,DF,Philadelphia Union,20.0,1998.0,22.0,22.0,1965.0,1.0,0.0,0.0,0.0,5.0,1.0
620,18,Bill,Tuiloma,nz NZL,DF,Portland Timbers,23.0,1995.0,25.0,21.0,1920.0,1.0,0.0,0.0,0.0,1.0,0.0
621,13,Matt,Turner,us USA,GK,New England Revolution,24.0,1994.0,20.0,20.0,1765.0,0.0,0.0,0.0,0.0,4.0,1.0
622,7,Ema,Twumasi,gh GHA,"DF,MF",FC Dallas,21.0,1997.0,2.0,0.0,29.0,0.0,0.0,0.0,0.0,0.0,0.0
624,6,Przemysław,Tytoń,pl POL,GK,FC Cincinnati,32.0,1987.0,15.0,15.0,1350.0,0.0,0.0,0.0,0.0,0.0,0.0
625,6,Victor,Ulloa,us USA,MF,FC Cincinnati,26.0,1992.0,26.0,22.0,1944.0,1.0,1.0,0.0,0.0,4.0,0.0
626,12,Maximiliano,Urruti,ar ARG,FW,Montreal Impact,27.0,1991.0,31.0,27.0,2433.0,4.0,6.0,1.0,1.0,5.0,1.0
627,18,Zarek,Valentin,us USA,DF,Portland Timbers,27.0,1991.0,21.0,17.0,1625.0,0.0,0.0,0.0,0.0,5.0,0.0
628,18,Diego,Valeri,ar ARG,"MF,FW",Portland Timbers,32.0,1986.0,31.0,29.0,2595.0,8.0,8.0,2.0,4.0,4.0,0.0
629,15,Florian,Valot,fr FRA,"MF,FW",New York Red Bulls,25.0,1993.0,2.0,2.0,124.0,0.0,1.0,0.0,0.0,0.0,0.0
630,10,Peter-Lee,Vassell,jm JAM,MF,LAFC,20.0,1998.0,6.0,2.0,181.0,0.0,0.0,0.0,0.0,0.0,0.0
631,1,Brandon,Vazquez,us USA,FW,Atlanta United,20.0,1998.0,11.0,7.0,638.0,2.0,1.0,1.0,1.0,1.0,0.0
632,10,Carlos,Vela,mx MEX,FW,LAFC,29.0,1989.0,31.0,31.0,2723.0,34.0,10.0,9.0,11.0,1.0,0.0
633,24,Lucas,Venuto,br BRA,FW,Vancouver Whitecaps,24.0,1995.0,22.0,12.0,1136.0,3.0,1.0,0.0,0.0,3.0,0.0
634,8,Matías,Vera,ar ARG,MF,Houston Dynamo,23.0,1995.0,30.0,30.0,2634.0,0.0,1.0,0.0,0.0,10.0,1.0
635,18,Jorge,Villafaña,us USA,DF,Portland Timbers,29.0,1989.0,23.0,22.0,1943.0,0.0,4.0,0.0,0.0,0.0,0.0
636,1,Héctor,Villalba,py PAR,"FW,MF",Atlanta United,24.0,1994.0,20.0,10.0,940.0,1.0,3.0,0.0,0.0,0.0,0.0
637,3,Sam,Vines,us USA,DF,Colorado Rapids,19.0,1999.0,26.0,23.0,2151.0,0.0,0.0,0.0,0.0,2.0,0.0
638,17,Kai,Wagner,de GER,DF,Philadelphia Union,21.0,1997.0,30.0,30.0,2689.0,0.0,6.0,0.0,0.0,6.0,1.0
639,22,Rodney,Wallace,cr CRC,DF,Sporting Kansas City,30.0,1988.0,1.0,1.0,26.0,0.0,0.0,0.0,0.0,0.0,0.0
640,5,Akeem,Ward,us USA,DF,DC United,23.0,1996.0,1.0,1.0,47.0,0.0,0.0,0.0,0.0,0.0,0.0
641,6,Kendall,Waston,cr CRC,DF,FC Cincinnati,31.0,1988.0,25.0,24.0,2175.0,1.0,0.0,0.0,0.0,10.0,1.0
642,23,Quentin,Westberg,us USA,GK,Toronto FC,32.0,1986.0,28.0,28.0,2504.0,0.0,0.0,0.0,0.0,0.0,0.0
643,15,Brian,White,us USA,FW,New York Red Bulls,22.0,1996.0,19.0,17.0,1336.0,8.0,1.0,0.0,0.0,1.0,0.0
644,4,JJ,Williams,us USA,FW,Columbus Crew,21.0,1998.0,7.0,3.0,327.0,0.0,0.0,0.0,0.0,0.0,0.0
645,4,Josh,Williams,us USA,DF,Columbus Crew,30.0,1988.0,16.0,15.0,1278.0,2.0,0.0,0.0,0.0,2.0,0.0
646,1,Romario,Williams,jm JAM,"FW,DF",Atlanta United,24.0,1994.0,2.0,0.0,39.0,0.0,0.0,0.0,0.0,0.0,0.0
647,4,Romario,Williams,jm JAM,"FW,MF",Columbus Crew,24.0,1994.0,7.0,1.0,127.0,1.0,0.0,0.0,0.0,0.0,0.0
648,18,Eryk,Williamson,us USA,"MF,FW",Portland Timbers,21.0,1997.0,7.0,3.0,234.0,0.0,0.0,0.0,0.0,1.0,0.0
650,8,Joe,Willis,us USA,GK,Houston Dynamo,30.0,1988.0,27.0,27.0,2430.0,0.0,0.0,0.0,0.0,0.0,0.0
651,3,Danny,Wilson,sco SCO,"MF,DF",Colorado Rapids,27.0,1991.0,20.0,15.0,1328.0,2.0,1.0,0.0,0.0,4.0,0.0
652,21,Henry,Wingo,us USA,FW,Seattle Sounders FC,23.0,1995.0,6.0,2.0,202.0,0.0,0.0,0.0,0.0,0.0,0.0
653,20,Chris,Wondolowski,us USA,FW,San Jose Earthquakes,36.0,1983.0,32.0,24.0,1977.0,15.0,2.0,0.0,0.0,3.0,1.0
654,17,Andrew,Wooten,us USA,FW,Philadelphia Union,29.0,1989.0,7.0,4.0,352.0,0.0,0.0,0.0,0.0,0.0,0.0
655,13,Brian,Wright,ca CAN,"FW,MF",New England Revolution,23.0,1995.0,2.0,0.0,12.0,0.0,0.0,0.0,0.0,0.0,0.0
656,15,Bradley,Wright-Phillips,eng ENG,FW,New York Red Bulls,33.0,1985.0,24.0,9.0,1110.0,2.0,1.0,0.0,0.0,3.0,0.0
657,3,Deklan,Wynne,nz NZL,DF,Colorado Rapids,23.0,1995.0,11.0,11.0,916.0,0.0,0.0,0.0,0.0,0.0,0.0
658,5,Griffin,Yow,us USA,FW,DC United,16.0,2002.0,2.0,1.0,58.0,0.0,0.0,0.0,0.0,0.0,0.0
659,20,Jackson,Yueill,us USA,MF,San Jose Earthquakes,21.0,1997.0,32.0,29.0,2669.0,3.0,4.0,0.0,0.0,2.0,0.0
660,13,Wilfried,Zahibo,cf CTA,MF,New England Revolution,25.0,1993.0,24.0,18.0,1505.0,1.0,1.0,0.0,0.0,8.0,1.0
661,18,Renzo,Zambrano,ve VEN,MF,Portland Timbers,24.0,1994.0,10.0,9.0,783.0,0.0,0.0,0.0,0.0,4.0,1.0
662,4,Gyasi,Zardes,us USA,FW,Columbus Crew,27.0,1991.0,28.0,28.0,2473.0,13.0,2.0,3.0,3.0,0.0,0.0
663,23,Eriq,Zavaleta,us USA,DF,Toronto FC,26.0,1992.0,16.0,11.0,1017.0,0.0,0.0,0.0,0.0,3.0,1.0
664,22,Gedion,Zelalem,us USA,MF,Sporting Kansas City,22.0,1997.0,9.0,5.0,435.0,0.0,0.0,0.0,0.0,1.0,0.0
665,10,Rodolfo,Zelaya,sv SLV,FW,LAFC,30.0,1988.0,4.0,1.0,120.0,1.0,0.0,0.0,0.0,0.0,0.0
666,22,Adrian,Zendejas,mx MEX,GK,Sporting Kansas City,23.0,1995.0,1.0,1.0,90.0,0.0,0.0,0.0,0.0,0.0,0.0
667,7,Reto,Ziegler,ch SUI,DF,FC Dallas,33.0,1986.0,32.0,32.0,2880.0,5.0,0.0,4.0,5.0,6.0,0.0
668,10,Walker,Zimmerman,us USA,DF,LAFC,25.0,1993.0,25.0,25.0,2165.0,1.0,0.0,0.0,0.0,8.0,1.0
669,9,Ethan,Zubak,us USA,"MF,FW",LA Galaxy,20.0,1998.0,3.0,0.0,43.0,0.0,0.0,0.0,0.0,0.0,0.0
670,22,Graham,Zusi,us USA,DF,Sporting Kansas City,32.0,1986.0,27.0,26.0,2351.0,0.0,1.0,0.0,0.0,5.0,0.0
